,season,week,date,away,home,first_downs_away,first_downs_home,passing_yards_away,passing_yards_home,rushing_yards_away,rushing_yards_home,total_yards_away,total_yards_home,rushing_attempts_away,rushing_attempts_home,fumbles_away,fumbles_home,int_away,int_home,turnovers_away,turnovers_home,drives_away,drives_home,def_st_td_away,def_st_td_home,possession_away,possession_home,score_away,score_home
0,2020,1,9/10/20,Texans,Chiefs,21,28,242,203,118,166,360,369,22,34,0,0,1,0,1,0,9,9,0,0,25:13:00,34:47:00,20,34
1,2020,1,9/13/20,Seahawks,Falcons,22,28,299,434,84,72,383,506,20,21,0,1,0,1,0,2,11,12,0,0,30:36:00,29:24:00,38,25
2,2020,1,9/13/20,Jets,Bills,15,31,202,306,52,98,254,404,15,32,1,2,1,0,2,2,11,11,0,0,18:43,41:17:00,17,27
3,2020,1,9/13/20,Bears,Lions,26,25,214,288,149,138,363,426,28,29,0,0,0,1,0,1,12,12,0,0,29:05:00,30:55:00,27,23
4,2020,1,9/13/20,Packers,Vikings,31,25,364,248,158,134,522,382,32,22,0,0,0,1,0,1,10,10,0,0,41:16:00,18:44,43,34
5,2020,1,9/13/20,Dolphins,Patriots,20,29,182,140,87,217,269,357,27,42,0,1,3,0,3,1,9,9,0,0,25:11:00,34:49:00,11,21
6,2020,1,9/13/20,Eagles,Commanders,19,18,208,159,57,80,265,239,17,36,1,0,2,0,3,0,15,15,0,0,30:39:00,29:21:00,17,27
7,2020,1,9/13/20,Raiders,Panthers,23,22,239,259,133,129,372,388,31,30,0,0,0,0,0,0,9,10,0,0,31:12:00,28:48:00,34,30
8,2020,1,9/13/20,Colts,Jaguars,27,17,357,150,88,91,445,241,22,23,0,0,2,0,2,0,9,10,0,0,33:23:00,26:37:00,20,27
9,2020,1,9/13/20,Browns,Ravens,20,23,168,270,138,111,306,381,27,30,2,1,1,0,3,1,11,11,0,0,30:02:00,29:58:00,6,38
10,2020,1,9/13/20,Chargers,Bengals,19,19,207,173,155,122,362,295,39,28,0,1,0,1,0,2,13,12,0,0,30:10:00,29:50:00,16,13
11,2020,1,9/13/20,Buccaneers,Saints,23,18,224,189,86,82,310,271,26,34,1,0,2,0,3,0,13,13,0,2,28:37:00,31:23:00,23,34
12,2020,1,9/13/20,Cardinals,49ers,29,18,224,243,180,123,404,366,36,25,0,0,1,0,1,0,12,11,0,0,31:26:00,28:34:00,24,20
13,2020,1,9/13/20,Cowboys,Rams,24,23,244,269,136,153,380,422,27,40,0,0,0,1,0,1,10,11,0,0,24:22:00,35:38:00,17,20
14,2020,1,9/14/20,Steelers,Giants,19,20,208,262,141,29,349,291,30,20,1,0,0,2,1,2,10,11,0,0,31:44:00,28:16:00,26,16
15,2020,1,9/14/20,Titans,Broncos,26,19,247,216,130,107,377,323,34,26,0,1,0,0,0,1,10,11,0,0,32:40:00,27:20:00,16,14
16,2020,2,9/17/20,Bengals,Browns,30,23,285,219,68,215,353,434,24,35,1,0,0,1,1,1,9,10,0,0,33:39:00,26:21:00,30,35
17,2020,2,9/20/20,Giants,Bears,22,18,220,169,75,135,295,304,18,32,1,0,1,2,2,2,10,9,0,0,25:31:00,34:29:00,13,17
18,2020,2,9/20/20,Falcons,Cowboys,22,33,267,445,113,125,380,570,34,31,0,3,0,0,0,3,12,14,0,0,33:48:00,26:12:00,39,40
19,2020,2,9/20/20,Lions,Packers,19,26,218,229,89,259,307,488,21,35,0,0,1,0,1,0,11,10,0,1,25:14:00,34:46:00,21,42
20,2020,2,9/20/20,Jaguars,Titans,30,23,315,231,165,123,480,354,27,34,0,0,2,0,2,0,9,10,0,0,33:22:00,26:38:00,30,33
21,2020,2,9/20/20,Vikings,Colts,12,24,95,203,80,151,175,354,18,40,0,0,3,1,3,1,10,10,0,0,21:35,38:25:00,11,28
22,2020,2,9/20/20,Bills,Dolphins,23,28,411,311,112,99,523,410,23,22,1,0,0,0,1,0,12,11,0,0,28:55:00,31:05:00,31,28
23,2020,2,9/20/20,49ers,Jets,17,17,177,173,182,104,359,277,29,29,0,0,1,0,1,0,11,11,0,0,32:13:00,27:47:00,31,13
24,2020,2,9/20/20,Rams,Eagles,30,25,258,242,191,121,449,363,39,26,1,1,0,2,1,3,10,10,0,0,31:13:00,28:47:00,37,19
25,2020,2,9/20/20,Broncos,Steelers,23,19,215,301,104,109,319,410,26,22,1,1,1,1,2,2,13,14,0,0,30:31:00,29:29:00,21,26
26,2020,2,9/20/20,Panthers,Buccaneers,24,20,340,217,87,122,427,339,24,22,2,1,2,1,4,2,12,11,0,0,34:32:00,25:28:00,17,31
27,2020,2,9/20/20,Commanders,Cardinals,19,22,199,278,117,160,316,438,23,32,2,0,0,1,2,1,11,12,0,0,26:15:00,33:45:00,15,30
28,2020,2,9/20/20,Chiefs,Chargers,23,28,289,296,125,183,414,479,22,44,0,0,0,1,0,1,10,10,0,0,28:38:00,39:27:00,23,20
29,2020,2,9/20/20,Ravens,Texans,23,18,177,253,230,51,407,304,37,17,0,1,0,1,0,2,9,10,2,0,34:51:00,25:09:00,33,16
30,2020,2,9/20/20,Patriots,Seahawks,29,22,397,275,67,154,464,429,25,30,0,0,1,1,1,1,10,10,1,0,28:41:00,31:19:00,30,35
31,2020,2,9/21/20,Saints,Raiders,26,28,312,261,112,116,424,377,19,35,0,1,1,0,1,1,9,9,0,0,23:42,36:18:00,24,34
32,2020,3,9/24/20,Dolphins,Jaguars,23,22,156,246,138,72,294,318,36,17,0,1,0,1,0,2,10,10,0,0,34:22:00,25:38:00,31,13
33,2020,3,9/27/20,Bears,Falcons,24,22,307,227,130,144,437,371,25,25,0,0,2,1,2,1,14,14,0,0,34:50:00,25:10:00,30,26
34,2020,3,9/27/20,Rams,Bills,28,23,311,274,167,101,478,375,32,21,1,1,1,1,2,2,10,9,0,0,32:12:00,27:48:00,32,35
35,2020,3,9/27/20,Commanders,Browns,19,19,206,142,103,158,309,300,22,37,2,0,3,0,5,0,12,11,0,0,26:23:00,33:37:00,20,34
36,2020,3,9/27/20,Titans,Vikings,23,22,310,238,134,226,444,464,34,33,0,1,1,2,1,3,13,13,0,0,31:32:00,28:28:00,31,30
37,2020,3,9/27/20,Raiders,Patriots,22,25,249,156,126,250,375,406,22,38,3,0,0,1,3,1,11,11,0,2,25:21:00,34:39:00,20,36
38,2020,3,9/27/20,49ers,Giants,29,13,327,165,93,66,420,231,35,15,0,2,0,1,0,3,9,9,0,0,39:44:00,20:16,36,9
39,2020,3,9/27/20,Bengals,Eagles,24,27,256,206,48,172,304,378,18,36,0,0,0,2,0,2,15,13,0,0,32:16:00,37:44:00,23,23
40,2020,3,9/27/20,Texans,Steelers,13,25,231,218,29,169,260,387,15,38,0,0,1,0,1,0,10,11,0,0,23:09,36:51:00,21,28
41,2020,3,9/27/20,Jets,Colts,15,21,151,234,109,119,260,353,29,31,0,0,3,0,3,0,11,10,0,2,29:52:00,30:08:00,7,36
42,2020,3,9/27/20,Panthers,Chargers,14,26,221,319,81,117,302,436,21,23,0,3,0,1,0,4,10,10,0,0,28:49:00,31:11:00,21,16
43,2020,3,9/27/20,Buccaneers,Broncos,17,13,285,184,68,42,353,226,25,14,0,0,0,2,0,2,12,11,0,0,33:02:00,26:58:00,28,10
44,2020,3,9/27/20,Lions,Cardinals,22,28,232,268,90,109,322,377,27,27,0,0,0,3,0,3,10,10,0,0,32:50:00,27:10:00,26,23
45,2020,3,9/27/20,Cowboys,Seahawks,27,23,461,295,61,117,522,412,21,26,1,1,2,0,3,1,14,14,0,0,27:26:00,32:34:00,31,38
46,2020,3,9/27/20,Packers,Saints,24,21,271,275,98,122,369,397,26,20,0,1,0,0,0,1,11,11,0,0,31:40:00,28:20:00,37,30
47,2020,3,9/28/20,Chiefs,Ravens,29,16,385,70,132,158,517,228,31,21,1,1,0,0,1,1,10,11,0,1,33:56:00,26:04:00,34,20
48,2020,4,10/1/20,Broncos,Jets,21,18,242,192,117,129,359,321,32,24,0,0,3,0,3,0,13,11,0,1,31:39:00,28:21:00,37,28
49,2020,4,10/4/20,Jaguars,Bengals,25,28,340,300,89,205,429,505,20,34,0,0,1,1,1,1,10,11,0,0,26:49:00,33:11:00,25,33
50,2020,4,10/4/20,Browns,Cowboys,33,35,201,481,307,85,508,566,40,18,0,2,0,1,0,3,13,12,0,0,33:32:00,26:28:00,49,38
51,2020,4,10/4/20,Saints,Lions,29,18,228,191,164,90,392,281,42,22,0,0,1,1,1,1,9,9,0,0,36:46:00,23:14,35,29
52,2020,4,10/4/20,Seahawks,Dolphins,26,25,343,312,98,103,441,415,26,22,0,0,1,2,1,2,10,10,0,0,26:51:00,33:09:00,31,23
53,2020,4,10/4/20,Chargers,Buccaneers,15,28,278,369,46,115,324,484,23,27,1,0,1,1,2,1,11,12,2,0,25:05:00,34:55:00,31,38
54,2020,4,10/4/20,Ravens,Commanders,18,24,206,274,144,69,350,343,32,22,0,1,2,0,2,1,11,11,0,0,29:22:00,30:38:00,31,17
55,2020,4,10/4/20,Cardinals,Panthers,21,30,133,276,129,168,262,444,23,35,1,0,0,1,1,1,9,10,0,0,22:52,37:08:00,21,31
56,2020,4,10/4/20,Vikings,Texans,24,20,248,290,162,96,410,386,40,26,0,1,0,0,0,1,12,10,0,0,36:31:00,23:29,31,23
57,2020,4,10/4/20,Giants,Rams,19,15,159,182,136,58,295,240,25,23,0,1,1,0,1,1,10,10,0,0,33:18:00,26:42:00,9,17
58,2020,4,10/4/20,Colts,Bears,18,16,186,241,103,28,289,269,38,16,0,0,0,1,0,1,11,11,0,0,32:28:00,27:32:00,19,11
59,2020,4,10/4/20,Bills,Raiders,21,24,274,297,63,86,337,383,24,23,0,2,0,0,0,2,10,9,0,0,28:18:00,31:42:00,30,23
60,2020,4,10/4/20,Eagles,49ers,18,25,174,301,93,116,267,417,28,20,0,1,1,2,1,3,10,12,2,0,29:29:00,30:31:00,25,20
61,2020,4,10/5/20,Patriots,Chiefs,21,19,172,229,185,94,357,323,35,25,1,1,3,0,4,1,11,10,0,2,31:34:00,28:26:00,10,26
62,2020,4,10/5/20,Falcons,Packers,24,22,249,315,78,88,327,403,25,26,0,0,0,0,0,0,9,9,0,0,30:22:00,29:38:00,16,30
63,2020,5,10/8/20,Buccaneers,Bears,18,18,233,208,106,35,339,243,20,14,1,0,0,1,1,1,11,11,0,0,31:32:00,28:28:00,19,20
64,2020,5,10/11/20,Panthers,Falcons,24,21,313,207,124,166,437,373,27,24,0,0,0,1,0,1,9,9,0,0,33:05:00,26:55:00,23,16
65,2020,5,10/11/20,Raiders,Chiefs,22,21,346,333,144,80,490,413,35,20,0,0,1,1,1,1,12,11,0,0,35:18:00,24:42:00,40,32
66,2020,5,10/11/20,Cardinals,Jets,28,21,369,162,127,123,496,285,30,28,0,0,1,0,1,0,11,11,0,0,32:15:00,27:45:00,30,10
67,2020,5,10/11/20,Eagles,Steelers,20,25,242,231,94,136,336,367,16,32,0,1,2,0,2,1,10,10,0,0,25:17:00,34:43:00,29,38
68,2020,5,10/11/20,Rams,Commanders,20,10,300,70,129,38,429,108,35,14,0,0,1,0,1,0,13,13,0,0,35:35:00,24:25:00,30,10
69,2020,5,10/11/20,Bengals,Ravens,12,17,135,171,70,161,205,332,28,24,2,0,1,1,3,1,12,12,0,2,34:39:00,25:21:00,3,27
70,2020,5,10/11/20,Jaguars,Texans,22,24,289,357,75,129,364,486,20,22,2,0,0,2,2,2,10,10,0,0,31:59:00,28:01:00,14,30
71,2020,5,10/11/20,Dolphins,49ers,22,19,342,128,94,131,436,259,33,19,0,1,0,2,0,3,12,11,0,0,36:53:00,23:07,43,17
72,2020,5,10/11/20,Colts,Browns,15,22,240,261,68,124,308,385,18,33,0,0,2,2,2,2,11,9,1,1,25:15:00,34:45:00,23,32
73,2020,5,10/11/20,Giants,Cowboys,20,28,211,276,89,126,300,402,27,29,1,1,0,1,1,2,10,10,2,2,32:22:00,27:38:00,34,37
74,2020,5,10/11/20,Vikings,Seahawks,31,18,248,190,201,124,449,314,41,16,1,0,1,1,2,1,11,11,0,0,39:28:00,20:32,26,27
75,2020,5,10/12/20,Chargers,Saints,19,23,239,313,111,95,350,408,32,25,0,0,0,1,0,1,14,13,0,0,30:42:00,35:01:00,27,30
76,2020,5,10/13/20,Bills,Titans,23,25,275,195,95,139,370,334,22,34,1,0,2,0,3,0,10,9,0,0,32:24:00,27:36:00,16,42
77,2020,6,10/18/20,Texans,Titans,25,31,320,344,92,263,412,607,27,27,0,1,0,1,0,2,11,11,0,0,31:40:00,31:50:00,36,42
78,2020,6,10/18/20,Bengals,Colts,22,23,300,371,98,59,398,430,32,15,0,1,1,1,1,2,11,11,0,0,34:28:00,25:32:00,27,31
79,2020,6,10/18/20,Falcons,Vikings,24,19,363,333,99,32,462,365,37,13,1,0,0,3,1,3,12,12,0,0,40:07:00,19:53,40,23
80,2020,6,10/18/20,Broncos,Patriots,15,14,164,171,135,117,299,288,37,25,0,1,2,2,2,3,11,11,0,0,32:31:00,27:29:00,18,12
81,2020,6,10/18/20,Commanders,Giants,24,16,251,108,86,132,337,240,24,26,1,0,1,1,2,1,8,8,0,2,33:30:00,26:30:00,19,20
82,2020,6,10/18/20,Ravens,Eagles,17,19,173,170,182,194,355,364,37,18,0,1,0,0,0,1,14,14,0,1,36:30:00,23:30,30,28
83,2020,6,10/18/20,Browns,Steelers,12,18,145,148,75,129,220,277,22,37,0,0,2,0,2,0,12,12,0,2,25:54:00,34:06:00,7,38
84,2020,6,10/18/20,Bears,Panthers,22,23,198,191,63,112,261,303,25,29,0,1,1,2,1,3,11,11,0,0,28:54:00,31:06:00,23,16
85,2020,6,10/18/20,Lions,Jaguars,25,16,223,231,180,44,403,275,39,16,0,1,1,1,1,2,11,11,0,0,35:57:00,24:03:00,34,16
86,2020,6,10/18/20,Jets,Dolphins,13,18,148,192,115,110,263,302,22,25,0,0,1,2,1,2,14,14,0,0,31:55:00,28:05:00,0,24
87,2020,6,10/18/20,Packers,Buccaneers,13,21,107,166,94,158,201,324,21,35,0,0,2,0,2,0,12,11,0,2,31:37:00,28:23:00,10,38
88,2020,6,10/18/20,Rams,49ers,17,24,198,268,113,122,311,390,19,37,0,0,1,0,1,0,10,11,0,0,22:05,37:55:00,16,24
89,2020,6,10/19/20,Chiefs,Bills,27,20,221,122,245,84,466,206,46,23,1,0,0,1,1,1,9,9,0,0,37:45:00,22:15,26,17
90,2020,6,10/19/20,Cardinals,Cowboys,22,27,177,247,261,97,438,344,35,27,0,2,0,2,0,4,11,11,0,0,26:23:00,33:37:00,38,10
91,2020,7,10/22/20,Giants,Eagles,17,27,165,346,160,96,325,442,22,26,2,0,1,1,3,1,13,13,0,0,27:22:00,32:38:00,21,22
92,2020,7,10/25/20,Lions,Falcons,21,26,322,322,64,66,386,388,21,26,0,1,0,0,0,1,10,9,0,0,29:15:00,30:45:00,23,22
93,2020,7,10/25/20,Browns,Bengals,23,31,316,387,82,81,398,468,22,21,0,1,1,1,1,2,9,9,0,0,27:03:00,32:57:00,37,34
94,2020,7,10/25/20,Steelers,Titans,23,15,268,210,94,82,362,292,25,23,0,0,3,0,3,0,11,10,0,0,36:37:00,23:23,27,24
95,2020,7,10/25/20,Panthers,Saints,18,26,246,277,37,138,283,415,14,29,0,1,0,0,0,1,7,7,0,0,25:19:00,34:41:00,24,27
96,2020,7,10/25/20,Bills,Jets,26,17,296,91,126,100,422,191,27,22,1,0,0,2,1,2,10,9,0,0,34:33:00,25:27:00,18,10
97,2020,7,10/25/20,Cowboys,Commanders,12,21,59,189,83,208,142,397,26,39,0,0,1,0,1,0,9,10,0,0,23:36,36:24:00,3,25
98,2020,7,10/25/20,Packers,Texans,22,20,283,286,96,79,379,365,27,22,0,1,0,0,0,1,11,12,0,0,28:54:00,31:06:00,35,20
99,2020,7,10/25/20,Buccaneers,Raiders,29,19,369,271,85,76,454,347,25,24,0,0,0,1,0,1,10,11,0,0,28:56:00,31:04:00,45,20
100,2020,7,10/25/20,Chiefs,Broncos,17,24,185,234,101,177,286,411,22,33,1,2,0,2,1,4,12,13,3,0,26:36:00,33:24:00,43,16
101,2020,7,10/25/20,49ers,Patriots,26,17,270,147,197,94,467,241,37,22,0,0,2,4,2,4,9,9,0,0,38:23:00,21:37,33,6
102,2020,7,10/25/20,Jaguars,Chargers,15,29,154,349,140,135,294,484,27,32,1,0,0,0,1,0,12,14,0,0,25:29:00,34:31:00,29,39
103,2020,7,10/25/20,Seahawks,Cardinals,33,31,372,360,200,159,572,519,30,33,0,1,3,1,3,2,12,13,0,0,39:32:00,30:13:00,34,37
104,2020,7,10/26/20,Bears,Rams,14,24,230,211,49,160,279,371,17,34,0,1,2,0,2,1,11,13,2,0,27:25:00,32:35:00,10,24
105,2020,8,10/29/20,Falcons,Panthers,28,18,270,157,131,147,401,304,36,22,0,0,1,1,1,1,9,8,0,0,36:30:00,23:30,25,17
106,2020,8,11/1/20,Patriots,Bills,20,22,161,149,188,190,349,339,34,38,1,0,0,1,1,1,9,10,0,0,30:46:00,29:14:00,21,24
107,2020,8,11/1/20,Titans,Bengals,27,27,223,249,218,118,441,367,29,32,0,0,1,0,1,0,9,8,0,0,24:03:00,35:57:00,20,31
108,2020,8,11/1/20,Raiders,Browns,24,14,100,122,209,101,309,223,45,22,0,1,0,0,0,1,7,6,0,0,37:43:00,22:17,16,6
109,2020,8,11/1/20,Colts,Lions,26,20,247,297,119,29,366,326,39,13,0,1,0,1,0,2,11,12,2,0,37:46:00,22:14,41,21
110,2020,8,11/1/20,Vikings,Packers,20,24,151,291,173,109,324,400,34,24,0,1,0,0,0,1,7,8,0,0,27:48:00,32:12:00,28,22
111,2020,8,11/1/20,Jets,Chiefs,13,25,128,446,93,50,221,496,25,20,1,0,0,0,1,0,11,10,0,0,28:30:00,31:30:00,9,35
112,2020,8,11/1/20,Rams,Dolphins,31,8,340,90,131,55,471,145,29,25,2,2,2,0,4,2,16,14,0,3,36:30:00,23:30,17,28
113,2020,8,11/1/20,Steelers,Ravens,19,25,173,192,48,265,221,457,16,47,1,2,0,2,1,4,10,12,2,0,24:38:00,35:22:00,28,24
114,2020,8,11/1/20,Chargers,Broncos,28,17,275,243,210,108,485,351,38,16,0,0,2,1,2,1,12,13,0,0,35:53:00,24:07:00,30,31
115,2020,8,11/1/20,Saints,Bears,23,18,272,233,122,96,394,329,30,23,0,0,0,1,0,1,13,12,0,0,35:15:00,33:09:00,26,23
116,2020,8,11/1/20,49ers,Seahawks,24,27,299,249,52,101,351,350,22,28,1,0,1,0,2,0,11,11,0,0,29:02:00,30:58:00,27,37
117,2020,8,11/1/20,Cowboys,Eagles,21,18,132,103,133,119,265,222,35,26,2,2,0,2,2,4,12,11,0,2,32:50:00,27:10:00,9,23
118,2020,8,11/2/20,Buccaneers,Giants,23,24,263,256,81,101,344,357,24,24,1,0,0,2,1,2,11,11,0,0,30:10:00,29:50:00,25,23
119,2020,9,11/5/20,Packers,49ers,21,17,294,282,111,55,405,337,31,17,0,1,0,1,0,2,11,10,0,0,36:30:00,23:30,34,17
120,2020,9,11/8/20,Broncos,Falcons,23,23,302,271,103,92,405,363,22,32,0,0,1,1,1,1,13,14,0,0,26:33:00,33:27:00,27,34
121,2020,9,11/8/20,Seahawks,Bills,22,27,362,386,57,34,419,420,17,19,2,0,2,0,4,0,11,12,0,0,27:59:00,32:01:00,34,44
122,2020,9,11/8/20,Bears,Titans,22,11,319,136,56,92,375,228,20,31,2,0,0,0,2,0,13,12,0,2,33:54:00,26:06:00,17,24
123,2020,9,11/8/20,Ravens,Colts,19,20,156,227,110,112,266,339,38,21,1,1,0,1,1,2,10,12,2,0,33:26:00,26:34:00,24,10
124,2020,9,11/8/20,Panthers,Chiefs,30,24,331,361,104,36,435,397,24,11,0,1,0,0,0,1,9,9,0,0,38:01:00,21:59,31,33
125,2020,9,11/8/20,Lions,Vikings,30,22,292,212,129,275,421,487,27,34,0,0,3,0,3,0,12,11,0,0,30:40:00,27:11:00,20,34
126,2020,9,11/8/20,Giants,Commanders,22,19,184,365,166,37,350,402,35,9,0,2,0,3,0,5,12,10,0,0,36:27:00,23:33,23,20
127,2020,9,11/8/20,Texans,Jaguars,19,22,267,288,107,115,374,403,28,27,1,0,0,1,1,1,12,12,0,0,27:53:00,32:07:00,27,25
128,2020,9,11/8/20,Raiders,Chargers,16,26,160,312,160,128,320,440,26,31,1,1,0,0,1,1,11,10,0,0,25:16:00,34:44:00,31,26
129,2020,9,11/8/20,Steelers,Cowboys,20,19,309,220,46,144,355,364,18,31,0,1,0,1,0,2,11,11,0,0,26:36:00,33:24:00,24,19
130,2020,9,11/8/20,Dolphins,Cardinals,24,26,221,264,91,178,312,442,25,37,0,1,0,0,0,1,9,9,2,0,28:57:00,31:03:00,34,31
131,2020,9,11/8/20,Saints,Buccaneers,27,13,282,186,138,8,420,194,37,5,2,0,0,3,2,3,11,11,0,0,40:04:00,19:56,38,3
132,2020,9,11/9/20,Patriots,Jets,30,18,274,257,159,65,433,322,41,18,0,0,0,1,0,1,9,8,0,0,36:58:00,23:02,30,27
133,2020,10,11/12/20,Colts,Titans,26,25,297,137,133,157,430,294,29,32,0,0,0,0,0,0,8,9,0,0,31:18:00,28:42:00,34,17
134,2020,10,11/15/20,Texans,Browns,16,20,153,125,90,231,243,356,22,41,0,0,0,0,0,0,8,8,0,0,26:40:00,33:20:00,7,10
135,2020,10,11/15/20,Commanders,Lions,34,21,375,267,89,105,464,372,26,21,1,0,0,0,1,0,10,10,0,0,35:43:00,24:17:00,27,30
136,2020,10,11/15/20,Jaguars,Packers,16,16,151,315,109,80,260,395,23,25,0,1,1,1,1,2,12,13,1,0,28:19:00,31:41:00,20,24
137,2020,10,11/15/20,Eagles,Giants,22,22,190,231,156,151,346,382,23,36,0,0,0,0,0,0,10,11,0,0,28:17:00,31:43:00,17,27
138,2020,10,11/15/20,Buccaneers,Panthers,30,13,334,122,210,65,544,187,37,16,1,0,0,1,1,1,11,11,0,0,36:05:00,23:55,46,23
139,2020,10,11/15/20,Broncos,Raiders,20,21,247,154,66,203,313,357,19,41,1,0,4,0,5,0,12,13,0,0,23:22,36:38:00,12,37
140,2020,10,11/15/20,Chargers,Dolphins,19,17,174,169,99,111,273,280,29,32,0,1,1,0,1,1,11,11,0,0,29:54:00,30:06:00,21,29
141,2020,10,11/15/20,Bills,Cardinals,22,26,296,236,73,217,369,453,18,35,0,1,2,1,2,2,13,12,0,0,30:20:00,29:40:00,30,32
142,2020,10,11/15/20,Seahawks,Rams,20,24,220,283,113,106,333,389,22,29,1,1,2,0,3,1,10,10,0,0,26:24:00,33:36:00,16,23
143,2020,10,11/15/20,49ers,Saints,21,17,232,123,49,114,281,237,25,30,2,2,2,0,4,2,11,13,0,0,32:54:00,27:06:00,13,27
144,2020,10,11/15/20,Bengals,Steelers,16,22,185,333,139,44,324,377,21,20,2,0,0,0,2,0,14,14,0,0,29:32:00,30:28:00,10,36
145,2020,10,11/15/20,Ravens,Patriots,19,25,242,135,115,173,357,308,28,39,0,0,1,0,1,0,9,10,0,0,32:34:00,27:26:00,17,23
146,2020,10,11/16/20,Vikings,Bears,19,10,286,108,99,41,385,149,33,17,1,1,1,1,2,2,13,11,0,1,35:50:00,24:10:00,19,13
147,2020,11,11/19/20,Cardinals,Seahawks,24,22,257,182,57,165,314,347,18,31,0,0,0,0,0,0,9,10,0,0,24:53:00,35:07:00,21,28
148,2020,11,11/22/20,Eagles,Browns,19,17,209,187,106,137,315,324,25,40,1,1,2,0,3,1,13,13,0,1,28:16:00,31:44:00,17,22
149,2020,11,11/22/20,Falcons,Saints,14,24,196,210,52,166,248,376,14,36,0,1,2,0,2,1,11,10,0,0,26:19:00,33:41:00,9,24
150,2020,11,11/22/20,Bengals,Commanders,18,20,202,161,70,164,272,325,18,34,1,0,1,1,2,1,12,12,0,0,29:14:00,30:46:00,9,20
151,2020,11,11/22/20,Lions,Panthers,10,20,145,258,40,116,185,374,17,34,1,0,0,2,1,2,11,11,0,0,23:12,36:48:00,0,20
152,2020,11,11/22/20,Steelers,Jaguars,23,14,267,133,106,73,373,206,27,17,0,0,1,4,1,4,13,12,0,0,36:29:00,23:31,27,3
153,2020,11,11/22/20,Titans,Ravens,26,21,250,177,173,129,423,306,34,33,0,0,1,1,1,1,10,10,0,0,33:33:00,31:06:00,30,24
154,2020,11,11/22/20,Patriots,Texans,22,21,349,344,86,55,435,399,24,19,0,0,0,0,0,0,10,9,0,0,32:18:00,27:42:00,20,27
155,2020,11,11/22/20,Dolphins,Broncos,17,19,167,270,56,189,223,459,17,33,0,1,1,1,1,2,10,11,0,0,29:41:00,30:19:00,13,20
156,2020,11,11/22/20,Jets,Chargers,20,28,196,347,96,29,292,376,24,26,0,1,1,0,1,1,11,10,0,2,23:32,36:28:00,28,34
157,2020,11,11/22/20,Packers,Colts,21,23,301,280,66,140,367,420,18,37,3,1,1,1,4,2,13,14,0,0,27:49:00,35:01:00,31,34
158,2020,11,11/22/20,Cowboys,Vikings,24,24,196,305,180,125,376,430,31,29,0,2,1,0,1,2,11,11,0,0,28:11:00,31:49:00,31,28
159,2020,11,11/22/20,Chiefs,Raiders,36,25,352,275,108,89,460,364,27,26,0,0,1,1,1,1,9,9,0,0,32:05:00,27:55:00,35,31
160,2020,11,11/23/20,Rams,Buccaneers,22,20,376,209,37,42,413,251,20,18,0,0,2,2,2,2,13,12,0,0,33:13:00,26:47:00,27,24
161,2020,12,11/26/20,Texans,Lions,21,28,307,279,77,109,384,388,23,29,1,2,0,1,1,3,12,12,2,0,26:16:00,33:44:00,41,25
162,2020,12,11/26/20,Commanders,Cowboys,22,13,156,187,182,60,338,247,36,18,0,1,1,1,1,2,11,11,2,0,35:56:00,24:04:00,41,16
163,2020,12,11/29/20,Raiders,Falcons,13,23,203,179,40,125,243,304,14,32,4,0,1,1,5,1,14,13,0,2,25:02:00,34:58:00,6,43
164,2020,12,11/29/20,Chargers,Bills,24,23,291,160,76,172,367,332,24,30,0,2,1,1,1,3,12,12,0,0,30:04:00,29:56:00,17,27
165,2020,12,11/29/20,Giants,Bengals,19,11,244,115,142,40,386,155,42,15,1,2,0,1,1,3,12,12,0,1,37:26:00,22:34,19,17
166,2020,12,11/29/20,Titans,Colts,28,27,220,280,229,56,449,336,45,21,0,0,0,1,0,1,12,12,0,0,35:33:00,24:27:00,45,26
167,2020,12,11/29/20,Panthers,Vikings,21,26,267,291,107,96,374,387,28,24,0,3,1,0,1,3,9,11,4,0,28:47:00,31:13:00,27,28
168,2020,12,11/29/20,Cardinals,Patriots,23,16,160,69,138,110,298,179,34,30,0,0,1,2,1,2,9,9,0,0,34:08:00,25:52:00,17,20
169,2020,12,11/29/20,Dolphins,Jets,22,10,241,173,104,87,345,260,25,23,2,0,0,2,2,2,11,11,0,0,32:37:00,27:23:00,20,3
170,2020,12,11/29/20,Browns,Jaguars,25,22,252,235,207,140,459,375,33,25,1,0,0,0,1,0,9,9,0,0,32:41:00,27:19:00,27,25
171,2020,12,11/29/20,Saints,Broncos,19,6,63,12,229,100,292,112,44,33,0,1,1,2,1,3,12,12,0,0,35:46:00,24:14:00,31,3
172,2020,12,11/29/20,49ers,Rams,18,14,233,182,112,126,345,308,33,28,2,2,1,2,3,4,15,15,2,2,34:03:00,25:57:00,23,20
173,2020,12,11/29/20,Chiefs,Buccaneers,26,20,456,342,87,75,543,417,20,13,1,0,0,2,1,2,11,11,0,0,36:47:00,23:13,27,24
174,2020,12,11/29/20,Bears,Packers,26,28,229,211,121,182,350,393,16,39,1,0,2,0,3,0,9,9,0,2,22:16,37:44:00,25,41
175,2020,12,11/30/20,Seahawks,Eagles,20,18,225,180,76,70,301,250,30,14,0,0,0,1,0,1,12,11,0,0,32:57:00,27:03:00,23,17
176,2020,12,12/2/20,Ravens,Steelers,10,22,90,266,129,68,219,334,28,20,1,1,1,1,2,2,12,10,0,2,26:21:00,33:39:00,14,19
177,2020,13,12/6/20,Saints,Falcons,23,21,217,262,207,70,424,332,36,21,1,1,0,0,1,1,11,12,0,0,36:54:00,23:06,21,16
178,2020,13,12/6/20,Lions,Bears,24,26,400,249,60,140,460,389,22,31,0,1,1,0,1,1,12,11,0,0,27:42:00,32:18:00,34,30
179,2020,13,12/6/20,Browns,Titans,26,25,340,369,118,62,458,431,36,18,1,2,0,1,1,3,12,12,0,1,36:46:00,23:14,41,35
180,2020,13,12/6/20,Bengals,Dolphins,12,23,156,296,40,110,196,406,17,28,0,1,2,0,2,1,10,11,0,0,27:44:00,32:16:00,7,19
181,2020,13,12/6/20,Jaguars,Vikings,20,30,266,275,124,145,390,420,25,38,2,1,2,1,4,2,14,16,2,0,30:38:00,37:33:00,24,27
182,2020,13,12/6/20,Raiders,Jets,24,24,368,170,72,206,440,376,25,34,1,2,1,1,2,3,12,12,0,0,31:01:00,28:59:00,31,28
183,2020,13,12/6/20,Colts,Texans,25,20,262,308,109,90,371,398,29,19,0,1,0,1,0,2,12,11,0,0,33:32:00,26:28:00,26,20
184,2020,13,12/6/20,Rams,Cardinals,30,18,344,140,119,92,463,232,31,21,1,1,0,1,1,2,11,12,2,0,38:53:00,21:07,38,28
185,2020,13,12/6/20,Giants,Seahawks,13,21,100,216,190,111,290,327,31,22,0,1,1,1,1,2,12,12,0,0,29:49:00,30:11:00,17,12
186,2020,13,12/6/20,Eagles,Packers,17,20,161,288,117,149,278,437,25,25,0,0,1,0,1,0,9,10,1,0,28:21:00,31:39:00,16,30
187,2020,13,12/6/20,Patriots,Chargers,22,17,126,188,165,70,291,258,43,15,0,0,0,2,0,2,10,11,2,0,33:41:00,26:19:00,45,0
188,2020,13,12/6/20,Broncos,Chiefs,19,25,151,313,179,134,330,447,33,22,0,0,2,0,2,0,9,10,0,0,30:31:00,29:29:00,16,22
189,2020,13,12/7/20,Commanders,Steelers,18,17,273,305,45,21,318,326,21,14,0,0,0,1,0,1,13,14,0,0,30:26:00,29:34:00,23,17
190,2020,13,12/7/20,Bills,49ers,31,24,368,316,81,86,449,402,27,21,1,0,0,2,1,2,10,9,0,0,34:58:00,25:02:00,34,24
191,2020,13,12/8/20,Cowboys,Ravens,29,19,277,107,111,294,388,401,28,37,0,0,1,1,1,1,10,9,0,0,32:26:00,27:34:00,17,34
192,2020,14,12/10/20,Patriots,Rams,10,17,113,132,107,186,220,318,29,36,0,0,1,1,1,1,12,11,0,1,28:14:00,31:46:00,3,24
193,2020,14,12/13/20,Texans,Bears,17,23,155,241,108,169,263,410,27,23,2,0,0,0,2,0,11,11,0,0,30:26:00,29:34:00,7,36
194,2020,14,12/13/20,Cowboys,Bengals,16,18,171,208,101,101,272,309,25,30,0,3,0,0,0,3,8,9,2,0,25:19:00,34:41:00,30,7
195,2020,14,12/13/20,Chiefs,Dolphins,22,27,354,287,94,80,448,367,24,24,1,0,3,1,4,1,13,14,1,0,28:30:00,31:30:00,33,27
196,2020,14,12/13/20,Cardinals,Giants,22,10,231,81,159,78,390,159,43,17,0,3,0,0,0,3,13,12,0,0,37:53:00,22:07,26,7
197,2020,14,12/13/20,Vikings,Buccaneers,27,17,173,196,162,107,335,303,33,26,1,0,0,0,1,0,8,9,0,0,39:03:00,20:57,14,26
198,2020,14,12/13/20,Broncos,Panthers,23,22,269,245,96,125,365,370,30,21,1,0,0,0,1,0,10,11,1,0,29:32:00,30:28:00,32,27
199,2020,14,12/13/20,Titans,Jaguars,25,20,205,263,249,91,454,354,40,15,1,0,0,1,1,1,11,11,0,0,31:43:00,28:17:00,31,10
200,2020,14,12/13/20,Colts,Raiders,25,26,244,345,212,79,456,424,31,22,0,1,0,2,0,3,9,9,2,0,28:35:00,31:25:00,44,27
201,2020,14,12/13/20,Jets,Seahawks,12,28,116,236,69,174,185,410,23,36,1,0,0,1,1,1,11,11,0,0,25:32:00,34:28:00,3,40
202,2020,14,12/13/20,Packers,Lions,26,27,290,242,120,51,410,293,31,15,0,0,0,0,0,0,8,8,0,0,35:30:00,24:30:00,31,24
203,2020,14,12/13/20,Saints,Eagles,20,21,262,167,96,246,358,413,20,36,1,1,1,0,2,1,11,12,0,0,29:44:00,30:16:00,21,24
204,2020,14,12/13/20,Falcons,Chargers,19,23,249,240,70,105,319,345,20,26,0,0,3,1,3,1,8,9,0,0,25:45:00,34:15:00,17,20
205,2020,14,12/13/20,Commanders,49ers,12,21,95,236,98,108,193,344,28,27,0,2,1,1,1,3,14,16,4,0,27:49:00,32:11:00,23,15
206,2020,14,12/13/20,Steelers,Bills,14,21,177,230,47,104,224,334,17,27,0,1,2,1,2,2,13,12,0,2,24:45:00,35:15:00,15,26
207,2020,14,12/14/20,Ravens,Browns,25,33,154,355,231,138,385,493,32,28,0,0,0,1,0,1,11,12,0,0,28:03:00,31:57:00,47,42
208,2020,15,12/17/20,Chargers,Raiders,27,27,306,276,96,173,402,449,29,41,0,0,0,1,0,1,9,10,0,0,31:00:00,37:31:00,30,27
209,2020,15,12/19/20,Bills,Broncos,29,19,352,115,182,140,534,255,24,28,1,1,0,0,1,1,10,12,2,0,33:50:00,26:10:00,48,19
210,2020,15,12/19/20,Panthers,Packers,20,20,249,96,115,195,364,291,27,27,1,0,0,0,1,0,10,11,0,0,30:51:00,29:09:00,16,24
211,2020,15,12/20/20,Buccaneers,Falcons,27,23,365,332,51,37,416,369,18,13,0,0,0,0,0,0,12,11,0,0,31:47:00,28:13:00,31,27
212,2020,15,12/20/20,49ers,Cowboys,28,15,308,204,150,87,458,291,36,22,2,0,2,0,4,0,14,14,0,1,34:56:00,25:04:00,33,41
213,2020,15,12/20/20,Lions,Titans,27,28,307,268,123,195,430,463,27,38,2,0,1,0,3,0,9,10,0,0,31:39:00,28:21:00,25,46
214,2020,15,12/20/20,Texans,Colts,22,20,342,223,83,127,425,350,21,23,2,0,0,0,2,0,8,8,0,0,30:50:00,29:10:00,20,27
215,2020,15,12/20/20,Patriots,Dolphins,18,26,186,133,117,250,303,383,22,42,1,0,0,1,1,1,8,9,0,0,22:34,37:26:00,12,22
216,2020,15,12/20/20,Bears,Vikings,23,26,198,249,199,158,397,407,42,28,0,0,1,1,1,1,10,10,0,0,32:59:00,27:01:00,33,27
217,2020,15,12/20/20,Seahawks,Commanders,16,26,121,269,181,84,302,353,26,20,0,0,1,2,1,2,11,10,0,0,27:44:00,32:16:00,20,15
218,2020,15,12/20/20,Jaguars,Ravens,17,26,205,250,62,159,267,409,22,37,1,0,0,1,1,1,9,10,0,0,28:12:00,31:48:00,14,40
219,2020,15,12/20/20,Jets,Rams,17,16,196,189,93,114,289,303,31,19,0,0,0,1,0,1,11,11,0,0,34:15:00,25:45:00,23,20
220,2020,15,12/20/20,Eagles,Cardinals,26,26,305,423,117,103,422,526,29,30,0,2,0,1,0,3,13,13,0,0,32:13:00,27:47:00,26,33
221,2020,15,12/20/20,Chiefs,Saints,34,15,232,225,179,60,411,285,41,17,1,0,0,1,1,1,13,14,0,0,41:14:00,18:46,32,29
222,2020,15,12/20/20,Browns,Giants,24,14,286,214,106,74,392,288,30,21,0,0,0,0,0,0,7,8,0,0,34:03:00,25:57:00,20,6
223,2020,15,12/21/20,Steelers,Bengals,12,13,158,78,86,152,244,230,23,41,2,0,1,0,3,0,14,14,0,0,27:57:00,32:03:00,17,27
224,2020,16,12/25/20,Vikings,Saints,25,36,274,319,90,264,364,583,17,45,0,0,0,2,0,2,11,11,0,0,23:13,36:47:00,33,52
225,2020,16,12/26/20,Buccaneers,Lions,30,12,477,113,111,73,588,186,26,15,0,1,0,1,0,2,13,12,0,1,35:53:00,24:07:00,47,7
226,2020,16,12/26/20,49ers,Cardinals,22,20,171,230,227,120,398,350,30,27,1,1,0,1,1,2,12,12,0,0,27:44:00,32:16:00,20,12
227,2020,16,12/26/20,Dolphins,Raiders,18,23,253,314,130,104,383,418,25,24,0,1,0,0,0,1,12,12,0,0,33:01:00,26:59:00,26,25
228,2020,16,12/27/20,Falcons,Chiefs,23,23,277,278,90,117,367,395,23,21,1,0,0,2,1,2,10,10,0,0,33:12:00,26:48:00,14,17
229,2020,16,12/27/20,Browns,Jets,23,18,254,202,45,131,299,333,18,34,2,0,0,0,2,0,13,13,0,0,28:12:00,31:48:00,16,23
230,2020,16,12/27/20,Colts,Steelers,21,26,238,332,127,22,365,354,28,14,1,0,1,0,2,0,12,13,0,0,32:28:00,27:32:00,24,28
231,2020,16,12/27/20,Bears,Jaguars,28,14,263,203,128,76,391,279,33,16,0,0,1,2,1,2,12,11,0,0,33:00:00,27:00:00,41,17
232,2020,16,12/27/20,Giants,Ravens,24,25,215,183,54,249,269,432,12,40,0,1,0,0,0,1,8,9,0,0,24:51:00,35:09:00,13,27
233,2020,16,12/27/20,Bengals,Texans,27,23,371,322,169,166,540,488,33,17,0,1,0,0,0,1,11,11,0,0,36:10:00,23:50,37,31
234,2020,16,12/27/20,Broncos,Chargers,23,16,263,227,133,89,396,316,28,20,0,0,2,0,2,0,10,10,0,0,33:09:00,26:51:00,16,19
235,2020,16,12/27/20,Panthers,Commanders,19,20,167,278,113,108,280,386,35,19,1,2,1,2,2,4,12,11,1,0,35:36:00,24:24:00,20,13
236,2020,16,12/27/20,Eagles,Cowboys,24,22,326,362,151,151,477,513,29,34,1,0,2,1,3,1,13,13,0,0,29:22:00,30:38:00,17,37
237,2020,16,12/27/20,Rams,Seahawks,20,15,216,197,118,95,334,292,29,24,0,0,1,0,1,0,10,11,0,0,32:50:00,27:10:00,9,20
238,2020,16,12/27/20,Titans,Packers,15,27,104,214,156,234,260,448,27,37,0,0,2,1,2,1,9,10,0,0,23:23,36:37:00,14,40
239,2020,16,12/28/20,Bills,Patriots,31,11,344,56,130,145,474,201,31,24,0,0,0,0,0,0,10,9,0,0,39:41:00,20:19,38,9
240,2021,17,1/3/21,Dolphins,Bills,27,24,384,377,70,78,454,455,20,25,1,0,3,2,4,2,15,14,0,3,32:38:00,27:22:00,26,56
241,2021,17,1/3/21,Ravens,Bengals,24,10,121,48,404,147,525,195,54,19,0,0,1,2,1,2,11,11,0,0,40:31:00,19:29,38,3
242,2021,17,1/3/21,Steelers,Browns,18,21,309,166,85,192,394,358,20,31,0,0,1,0,1,0,9,10,0,0,27:50:00,32:10:00,22,24
243,2021,17,1/3/21,Vikings,Lions,31,21,383,288,125,129,508,417,31,22,0,1,0,1,0,2,11,10,0,0,35:13:00,24:47:00,37,35
244,2021,17,1/3/21,Jets,Patriots,21,23,239,238,111,166,350,404,25,29,0,0,2,0,2,0,11,10,0,0,33:32:00,26:28:00,14,28
245,2021,17,1/3/21,Cowboys,Giants,26,22,199,211,108,125,307,336,27,28,0,1,1,1,1,2,12,12,0,0,32:33:00,27:27:00,19,23
246,2021,17,1/3/21,Falcons,Buccaneers,25,28,258,391,127,94,385,485,26,22,2,0,0,1,2,1,9,10,0,0,33:12:00,26:48:00,27,44
247,2021,17,1/3/21,Packers,Bears,17,21,237,248,79,108,316,356,19,31,1,1,0,1,1,2,8,9,0,0,24:31:00,35:29:00,35,16
248,2021,17,1/3/21,Raiders,Broncos,22,24,359,324,106,122,465,446,23,32,2,0,2,0,4,0,14,14,0,0,26:40:00,33:20:00,32,31
249,2021,17,1/3/21,Jaguars,Colts,18,23,230,164,53,273,283,437,17,37,1,0,0,1,1,1,12,13,0,0,26:22:00,33:38:00,14,28
250,2021,17,1/3/21,Chargers,Chiefs,29,18,281,217,135,51,416,268,35,17,0,1,0,0,0,1,9,8,0,0,34:51:00,25:09:00,38,21
251,2021,17,1/3/21,Cardinals,Rams,15,21,166,223,48,110,214,333,18,30,0,1,1,1,1,2,12,10,0,2,22:07,37:53:00,7,18
252,2021,17,1/3/21,Seahawks,49ers,21,17,159,242,121,86,280,328,27,24,0,1,0,0,0,1,12,11,0,0,27:40:00,32:20:00,26,23
253,2021,17,1/3/21,Saints,Panthers,20,17,191,246,156,74,347,320,30,20,0,0,0,5,0,5,12,11,0,0,30:54:00,29:06:00,33,7
254,2021,17,1/3/21,Titans,Texans,28,26,204,361,288,96,492,457,41,17,1,0,0,1,1,1,11,10,0,0,31:04:00,28:56:00,41,38
255,2021,17,1/3/21,Commanders,Eagles,16,16,145,98,103,118,248,216,27,29,0,1,2,2,2,3,12,13,0,0,30:48:00,29:12:00,20,14
256,2021,1,9/9/21,Cowboys,Buccaneers,30,24,391,379,60,52,451,431,18,14,0,2,1,2,1,4,13,13,0,0,34:27:00,25:33:00,29,31
257,2021,1,9/12/21,Eagles,Falcons,24,19,261,136,173,124,434,260,31,26,0,0,0,0,0,0,11,12,0,0,31:02:00,28:58:00,32,6
258,2021,1,9/12/21,Steelers,Bills,16,22,177,254,75,117,252,371,21,25,0,1,0,0,0,1,11,11,1,0,26:43:00,33:17:00,23,16
259,2021,1,9/12/21,Vikings,Bengals,24,20,336,217,67,149,403,366,22,36,1,0,0,0,1,0,13,13,0,0,35:09:00,34:51:00,24,27
260,2021,1,9/12/21,49ers,Lions,21,31,311,314,131,116,442,430,28,24,2,0,0,1,2,1,12,14,1,0,26:33:00,33:27:00,41,33
261,2021,1,9/12/21,Cardinals,Titans,22,17,280,162,136,86,416,248,33,22,0,2,1,1,1,3,12,12,0,0,33:21:00,26:39:00,38,13
262,2021,1,9/12/21,Seahawks,Colts,18,23,241,223,140,113,381,336,27,30,1,1,0,0,1,1,10,11,0,0,24:13:00,35:47:00,28,16
263,2021,1,9/12/21,Chargers,Commanders,27,15,334,133,90,126,424,259,29,27,1,1,1,0,2,1,9,9,0,0,36:03:00,23:57,20,16
264,2021,1,9/12/21,Jets,Panthers,16,18,207,270,45,111,252,381,17,27,0,1,1,0,1,1,12,12,0,0,28:40:00,31:20:00,14,19
265,2021,1,9/12/21,Jaguars,Texans,20,22,319,289,76,160,395,449,16,41,0,0,3,0,3,0,14,14,0,0,24:56:00,35:04:00,21,37
266,2021,1,9/12/21,Browns,Chiefs,24,21,304,324,153,73,457,397,26,23,1,0,1,0,2,0,9,9,0,0,27:13:00,32:47:00,29,33
267,2021,1,9/12/21,Dolphins,Patriots,16,24,185,268,74,125,259,393,23,30,0,2,1,0,1,2,9,8,0,0,23:17,36:43:00,17,16
268,2021,1,9/12/21,Packers,Saints,14,22,186,151,43,171,229,322,15,39,1,0,2,0,3,0,9,9,0,0,25:24:00,34:36:00,3,38
269,2021,1,9/12/21,Broncos,Giants,24,19,255,254,165,60,420,314,28,20,1,1,0,0,1,1,8,9,0,0,35:08:00,24:52:00,27,13
270,2021,1,9/12/21,Bears,Rams,24,18,188,312,134,74,322,386,26,23,1,0,1,0,2,0,8,9,0,0,35:14:00,24:46:00,14,34
271,2021,1,9/13/21,Ravens,Raiders,20,26,217,409,189,82,406,491,34,21,2,0,0,1,2,1,13,14,0,0,32:14:00,34:08:00,27,33
272,2021,2,9/16/21,Giants,Commanders,21,25,228,320,163,87,391,407,28,22,0,0,0,1,0,1,11,11,0,0,31:44:00,28:16:00,29,30
273,2021,2,9/19/21,Bengals,Bears,14,16,179,83,69,123,248,206,20,34,1,0,3,1,4,1,11,10,0,1,28:39:00,31:21:00,17,20
274,2021,2,9/19/21,Texans,Browns,17,22,220,199,82,156,302,355,28,34,1,1,1,1,2,2,9,10,0,0,24:55:00,35:05:00,21,31
275,2021,2,9/19/21,Rams,Colts,21,22,270,245,101,109,371,354,29,26,1,0,1,2,2,2,10,10,0,1,28:28:00,31:32:00,27,24
276,2021,2,9/19/21,Bills,Dolphins,21,13,171,145,143,71,314,216,30,20,1,2,1,1,2,3,13,12,0,0,28:26:00,31:34:00,35,0
277,2021,2,9/19/21,Patriots,Jets,17,18,159,184,101,152,260,336,24,31,0,0,0,4,0,4,11,12,0,0,27:52:00,32:08:00,25,6
278,2021,2,9/19/21,49ers,Eagles,23,18,189,177,117,151,306,328,38,29,0,0,0,0,0,0,9,9,0,0,34:54:00,25:06:00,17,11
279,2021,2,9/19/21,Raiders,Steelers,22,17,373,292,52,39,425,331,25,14,0,0,0,1,0,1,10,11,0,0,34:22:00,25:38:00,26,17
280,2021,2,9/19/21,Saints,Panthers,6,28,80,294,48,89,128,383,17,33,0,0,2,1,2,1,12,12,0,0,21:28,38:32:00,7,26
281,2021,2,9/19/21,Broncos,Jaguars,22,12,302,114,96,75,398,189,30,16,0,0,0,2,0,2,11,10,0,1,38:52:00,21:08,23,13
282,2021,2,9/19/21,Vikings,Cardinals,22,21,242,371,177,103,419,474,27,21,0,0,0,2,0,2,11,12,1,0,28:08:00,31:52:00,33,34
283,2021,2,9/19/21,Falcons,Buccaneers,19,21,293,259,55,82,348,341,20,21,0,1,3,0,3,1,14,12,0,2,33:31:00,26:29:00,25,48
284,2021,2,9/19/21,Cowboys,Chargers,25,24,221,313,198,95,419,408,31,19,0,0,1,2,1,2,8,7,0,0,29:03:00,30:57:00,20,17
285,2021,2,9/19/21,Titans,Seahawks,33,17,320,320,212,77,532,397,40,18,1,0,0,0,1,0,13,12,0,0,42:33:00,22:42,33,30
286,2021,2,9/19/21,Chiefs,Ravens,22,31,343,230,62,251,405,481,18,41,1,0,1,2,2,2,10,11,1,0,24:01:00,35:59:00,35,36
287,2021,2,9/20/21,Lions,Packers,19,25,236,227,108,96,344,323,19,31,1,0,1,0,2,0,9,10,0,0,26:35:00,33:25:00,17,35
288,2021,3,9/23/21,Panthers,Texans,28,14,290,151,117,42,407,193,33,17,0,0,0,0,0,0,10,9,0,0,35:45:00,24:15:00,24,9
289,2021,3,9/26/21,Commanders,Bills,13,29,212,359,78,122,290,481,25,33,1,0,2,0,3,0,12,12,0,0,24:23:00,35:37:00,21,43
290,2021,3,9/26/21,Bears,Browns,6,26,1,203,46,215,47,418,13,42,0,0,0,0,0,0,11,11,0,0,20:26,39:34:00,6,26
291,2021,3,9/26/21,Ravens,Lions,15,22,271,192,116,93,387,285,22,27,0,0,1,0,1,0,10,10,0,0,27:27:00,32:33:00,19,17
292,2021,3,9/26/21,Colts,Titans,19,24,178,188,87,180,265,368,18,37,0,1,0,2,0,3,9,9,0,0,25:54:00,34:06:00,16,25
293,2021,3,9/26/21,Chargers,Chiefs,21,33,275,251,77,186,352,437,22,30,0,2,0,2,0,4,10,10,0,0,27:29:00,32:31:00,30,24
294,2021,3,9/26/21,Saints,Patriots,19,16,110,251,142,49,252,300,38,17,0,0,0,3,0,3,12,12,1,0,32:48:00,27:12:00,28,13
295,2021,3,9/26/21,Falcons,Giants,18,21,227,246,69,100,296,346,20,27,1,1,0,0,1,1,10,10,0,0,28:09:00,31:51:00,17,14
296,2021,3,9/26/21,Bengals,Steelers,12,21,172,297,96,45,268,342,24,15,0,0,1,2,1,2,12,11,0,0,24:38:00,35:22:00,24,10
297,2021,3,9/26/21,Cardinals,Jaguars,23,20,316,202,91,159,407,361,30,29,0,2,1,2,1,4,11,12,1,1,32:54:00,27:06:00,31,19
298,2021,3,9/26/21,Jets,Broncos,11,23,119,223,43,120,162,343,13,37,0,1,2,0,2,1,11,11,0,0,24:13:00,35:47:00,0,26
299,2021,3,9/26/21,Dolphins,Raiders,22,28,197,357,133,140,330,497,27,35,0,0,0,1,0,1,11,13,1,0,31:13:00,38:47:00,28,31
300,2021,3,9/26/21,Buccaneers,Rams,27,22,411,331,35,76,446,407,13,24,0,0,0,0,0,0,10,10,0,0,29:50:00,30:10:00,24,34
301,2021,3,9/26/21,Seahawks,Vikings,21,28,283,313,106,140,389,453,18,34,0,0,0,0,0,0,9,8,0,0,24:07:00,35:53:00,17,30
302,2021,3,9/26/21,Packers,49ers,21,26,253,231,100,67,353,298,25,21,0,1,0,1,0,2,10,10,0,0,30:08:00,29:52:00,30,28
303,2021,3,9/27/21,Eagles,Cowboys,12,27,303,220,64,160,367,380,12,41,0,1,2,0,2,1,12,13,1,1,25:02:00,34:58:00,21,41
304,2021,4,9/30/21,Jaguars,Bengals,21,21,202,342,139,78,341,420,30,22,0,0,0,0,0,0,8,9,0,0,28:45:00,31:15:00,21,24
305,2021,4,10/3/21,Commanders,Falcons,26,24,290,275,122,99,412,374,28,28,0,0,0,0,0,0,10,10,1,0,29:18:00,30:42:00,34,30
306,2021,4,10/3/21,Texans,Bills,6,26,61,251,48,199,109,450,18,40,1,0,4,1,5,1,12,12,0,0,21:45,38:15:00,0,40
307,2021,4,10/3/21,Lions,Bears,23,20,261,185,90,188,351,373,25,39,2,0,0,1,2,1,9,10,0,0,31:17:00,28:43:00,14,24
308,2021,4,10/3/21,Panthers,Cowboys,24,24,266,188,113,245,379,433,24,34,0,0,2,0,2,0,11,11,0,0,33:36:00,26:24:00,28,36
309,2021,4,10/3/21,Colts,Dolphins,20,13,210,168,139,35,349,203,33,16,1,2,0,0,1,2,10,10,0,0,37:09:00,22:51,27,17
310,2021,4,10/3/21,Browns,Vikings,20,16,143,190,184,65,327,255,38,23,0,0,0,1,0,1,11,12,0,0,35:32:00,24:28:00,14,7
311,2021,4,10/3/21,Giants,Saints,21,21,402,235,83,170,485,405,20,39,0,0,1,1,1,1,11,10,0,0,27:35:00,37:31:00,27,21
312,2021,4,10/3/21,Titans,Jets,30,16,253,289,177,66,430,355,37,25,0,0,0,1,0,1,13,13,0,0,40:42:00,29:03:00,24,27
313,2021,4,10/3/21,Chiefs,Eagles,31,30,271,358,200,103,471,461,32,19,0,0,1,0,1,0,8,8,0,0,30:52:00,29:08:00,42,30
314,2021,4,10/3/21,Cardinals,Rams,27,24,249,280,216,121,465,401,40,23,0,1,0,1,0,2,10,10,0,0,35:10:00,24:50:00,37,20
315,2021,4,10/3/21,Seahawks,49ers,14,23,129,314,105,143,234,457,28,29,0,1,0,1,0,2,14,13,0,0,28:19:00,31:41:00,28,21
316,2021,4,10/3/21,Ravens,Broncos,20,15,304,148,102,106,406,254,30,17,0,0,0,1,0,1,13,12,0,0,33:07:00,26:53:00,23,7
317,2021,4,10/3/21,Steelers,Packers,17,23,220,236,62,131,282,367,16,33,1,1,1,0,2,1,11,11,0,0,25:19:00,34:41:00,17,27
318,2021,4,10/3/21,Buccaneers,Patriots,22,20,261,295,120,-1,381,294,30,8,0,1,0,1,0,2,11,11,0,0,33:55:00,26:05:00,19,17
319,2021,4,10/4/21,Raiders,Chargers,13,25,165,212,48,168,213,380,18,34,0,0,1,0,1,0,12,12,0,0,25:17:00,34:43:00,14,28
320,2021,5,10/7/21,Rams,Seahawks,24,22,358,262,118,92,476,354,29,25,0,0,1,2,1,2,12,12,0,0,33:03:00,26:57:00,26,17
321,2021,5,10/10/21,Jets,Falcons,17,28,166,342,64,108,230,450,18,29,0,2,1,0,1,2,9,10,0,0,24:06:00,35:54:00,20,27
322,2021,5,10/10/21,Packers,Bengals,21,18,333,264,133,103,466,367,22,24,0,0,1,2,1,2,13,12,0,0,33:59:00,34:06:00,25,22
323,2021,5,10/10/21,Lions,Vikings,22,18,180,264,108,120,288,384,24,28,1,1,1,1,2,2,11,12,0,0,27:54:00,32:06:00,17,19
324,2021,5,10/10/21,Broncos,Steelers,17,19,268,244,106,147,374,391,18,35,0,1,1,0,1,1,9,10,0,0,26:58:00,33:02:00,19,27
325,2021,5,10/10/21,Dolphins,Buccaneers,17,33,262,437,39,121,301,558,9,25,1,0,1,0,2,0,9,10,0,0,22:53,37:07:00,17,45
326,2021,5,10/10/21,Saints,Commanders,18,26,271,242,98,131,369,373,23,33,1,0,1,2,2,2,13,12,0,0,23:34,36:26:00,33,22
327,2021,5,10/10/21,Eagles,Panthers,15,17,182,158,91,109,273,267,22,30,1,0,1,3,2,3,15,14,0,0,24:57:00,35:03:00,21,18
328,2021,5,10/10/21,Titans,Jaguars,23,24,184,256,184,198,368,454,36,31,0,1,0,1,0,2,9,11,1,0,31:30:00,28:30:00,37,19
329,2021,5,10/10/21,Patriots,Texans,21,14,226,293,126,67,352,360,30,24,1,1,1,0,2,1,9,10,0,0,30:44:00,29:16:00,25,22
330,2021,5,10/10/21,Bears,Raiders,19,16,109,188,143,71,252,259,37,22,0,0,0,1,0,1,10,10,0,0,32:02:00,27:58:00,20,9
331,2021,5,10/10/21,Browns,Chargers,25,27,301,381,230,112,531,493,35,23,0,1,0,0,0,1,12,12,0,0,36:28:00,23:32,42,47
332,2021,5,10/10/21,Giants,Cowboys,20,26,294,314,73,201,367,515,25,39,0,1,2,1,2,2,12,10,0,1,27:48:00,32:12:00,20,44
333,2021,5,10/10/21,49ers,Cardinals,19,20,186,210,152,94,338,304,28,27,0,1,1,0,1,1,9,10,0,0,31:54:00,28:06:00,10,17
334,2021,5,10/10/21,Bills,Chiefs,20,29,315,272,121,120,436,392,28,23,0,2,0,2,0,4,11,11,1,0,27:35:00,32:25:00,38,20
335,2021,5,10/11/21,Colts,Ravens,29,30,390,437,123,86,513,523,26,25,1,1,0,0,1,1,10,10,0,0,30:45:00,33:51:00,25,31
336,2021,6,10/14/21,Buccaneers,Eagles,27,16,297,113,102,100,399,213,31,19,0,0,1,1,1,1,11,10,0,0,39:56:00,20:04,28,22
337,2021,6,10/17/21,Dolphins,Jaguars,23,21,354,312,77,84,431,396,20,19,0,1,1,0,1,1,11,11,0,0,32:40:00,27:20:00,20,23
338,2021,6,10/17/21,Packers,Bears,22,21,169,137,154,140,323,277,31,26,0,0,0,1,0,1,9,8,0,0,32:17:00,27:43:00,24,14
339,2021,6,10/17/21,Bengals,Lions,20,15,256,192,142,36,398,228,36,18,0,0,1,1,1,1,11,10,0,0,35:52:00,24:08:00,34,11
340,2021,6,10/17/21,Texans,Colts,19,15,229,214,124,174,353,388,29,26,1,0,2,0,3,0,11,11,0,0,34:33:00,25:27:00,3,31
341,2021,6,10/17/21,Rams,Giants,22,21,234,201,131,60,365,261,34,18,0,1,2,3,2,4,13,12,0,0,32:22:00,27:38:00,38,11
342,2021,6,10/17/21,Chiefs,Commanders,29,15,390,182,109,94,499,276,28,19,1,1,2,1,3,2,11,12,0,0,33:53:00,26:07:00,31,13
343,2021,6,10/17/21,Vikings,Panthers,26,20,373,188,198,118,571,306,36,23,1,2,0,1,1,3,16,14,0,1,37:38:00,26:34:00,34,28
344,2021,6,10/17/21,Chargers,Ravens,14,27,182,140,26,187,208,327,12,38,0,0,1,2,1,2,11,11,0,0,21:53,38:07:00,6,34
345,2021,6,10/17/21,Cardinals,Browns,24,16,208,217,144,73,352,290,37,19,0,2,0,1,0,3,10,10,0,0,34:39:00,25:21:00,37,14
346,2021,6,10/17/21,Raiders,Broncos,16,25,340,309,86,112,426,421,23,23,0,1,0,3,0,4,12,13,0,0,25:27:00,34:33:00,34,24
347,2021,6,10/17/21,Cowboys,Patriots,32,17,445,215,122,120,567,335,31,27,1,1,1,1,2,2,11,13,1,0,39:17:00,26:51:00,35,29
348,2021,6,10/17/21,Seahawks,Steelers,18,22,165,226,144,119,309,345,27,30,1,1,0,0,1,1,14,13,0,0,29:37:00,37:33:00,20,23
349,2021,6,10/18/21,Bills,Titans,28,16,335,216,82,146,417,362,23,22,0,0,1,1,1,1,10,11,0,0,32:50:00,27:10:00,31,34
350,2021,7,10/21/21,Broncos,Browns,15,23,182,194,41,182,223,376,14,33,0,0,1,0,1,0,8,8,0,0,23:09,36:51:00,14,17
351,2021,7,10/24/21,Commanders,Packers,25,19,235,247,195,57,430,304,29,15,1,1,1,0,2,1,10,9,0,0,32:54:00,27:06:00,10,24
352,2021,7,10/24/21,Chiefs,Titans,22,24,257,266,77,103,334,369,13,35,2,0,1,1,3,1,9,9,0,0,23:39,36:21:00,3,27
353,2021,7,10/24/21,Falcons,Dolphins,21,27,325,281,72,132,397,413,22,29,1,0,1,2,2,2,11,11,0,0,25:22:00,34:38:00,30,28
354,2021,7,10/24/21,Jets,Patriots,18,32,237,403,62,148,299,551,17,32,1,0,2,0,3,0,11,11,0,0,27:48:00,32:12:00,13,54
355,2021,7,10/24/21,Panthers,Giants,11,21,117,199,56,103,173,302,17,31,0,0,1,0,1,0,12,13,0,0,25:25:00,34:35:00,3,25
356,2021,7,10/24/21,Bengals,Ravens,19,20,409,278,111,115,520,393,24,24,0,0,1,0,1,0,13,14,0,0,28:11:00,31:49:00,41,17
357,2021,7,10/24/21,Eagles,Raiders,22,23,223,323,135,119,358,442,32,29,2,0,0,1,2,1,10,10,0,0,27:29:00,32:31:00,22,33
358,2021,7,10/24/21,Lions,Rams,19,22,278,327,137,47,415,374,28,19,0,0,2,0,2,0,9,9,0,0,32:40:00,27:20:00,19,28
359,2021,7,10/24/21,Texans,Cardinals,8,24,118,225,42,172,160,397,15,37,1,0,0,1,1,1,12,12,0,0,25:57:00,34:03:00,5,31
360,2021,7,10/24/21,Bears,Buccaneers,17,28,168,226,143,182,311,408,29,31,2,1,3,0,5,1,13,12,0,0,28:55:00,31:05:00,3,38
361,2021,7,10/24/21,Colts,49ers,17,13,147,169,148,111,295,280,33,24,2,2,0,2,2,4,13,14,0,0,33:56:00,26:04:00,30,18
362,2021,7,10/25/21,Saints,Seahawks,21,14,210,129,94,90,304,219,31,28,1,0,0,0,1,0,11,11,0,0,32:49:00,27:11:00,13,10
363,2021,8,10/28/21,Packers,Cardinals,24,22,184,260,151,74,335,334,34,20,0,1,0,2,0,3,10,8,0,0,37:35:00,22:25,24,21
364,2021,8,10/31/21,Panthers,Falcons,21,17,129,131,203,82,332,213,47,20,1,0,0,2,1,2,11,10,0,0,35:23:00,24:37:00,19,13
365,2021,8,10/31/21,Dolphins,Bills,16,24,194,249,68,102,262,351,23,23,1,0,1,0,2,0,11,11,0,0,29:13:00,30:47:00,11,26
366,2021,8,10/31/21,49ers,Bears,21,22,322,148,145,176,467,324,26,36,0,0,0,1,0,1,9,8,0,0,23:11,36:49:00,33,22
367,2021,8,10/31/21,Steelers,Browns,21,19,255,210,115,96,370,306,32,23,0,1,0,0,0,1,10,9,0,0,31:45:00,28:15:00,15,10
368,2021,8,10/31/21,Eagles,Lions,27,15,114,171,236,57,350,228,46,18,0,1,0,0,0,1,9,10,1,0,35:00:00,25:00:00,44,6
369,2021,8,10/31/21,Titans,Colts,18,24,247,224,93,83,340,307,31,20,0,1,2,2,2,3,12,12,1,0,34:59:00,30:58:00,34,31
370,2021,8,10/31/21,Bengals,Jets,18,32,277,414,41,97,318,511,16,27,0,1,1,2,1,3,12,12,0,0,23:39,36:21:00,31,34
371,2021,8,10/31/21,Rams,Texans,26,18,302,279,165,44,467,323,31,14,0,0,0,1,0,1,11,13,0,0,33:35:00,26:25:00,38,22
372,2021,8,10/31/21,Patriots,Chargers,21,17,210,206,142,163,352,369,39,20,1,0,0,2,1,2,11,12,1,0,35:24:00,24:36:00,27,24
373,2021,8,10/31/21,Jaguars,Seahawks,20,17,227,160,82,69,309,229,19,25,0,0,1,0,1,0,11,10,0,1,31:29:00,28:31:00,7,31
374,2021,8,10/31/21,Commanders,Broncos,21,17,230,190,112,83,342,273,24,21,0,1,2,0,2,1,9,8,0,0,31:50:00,28:10:00,10,17
375,2021,8,10/31/21,Buccaneers,Saints,16,26,350,209,71,152,421,361,14,32,1,0,2,0,3,0,12,11,0,1,26:44:00,33:16:00,27,36
376,2021,8,10/31/21,Cowboys,Vikings,23,17,341,177,78,101,419,278,24,24,1,0,1,0,2,0,11,12,0,0,32:32:00,27:28:00,20,16
377,2021,8,11/1/21,Giants,Chiefs,18,29,228,261,72,107,300,368,20,27,0,1,1,1,1,2,11,11,0,0,25:22:00,34:38:00,17,20
378,2021,9,11/4/21,Jets,Colts,30,28,398,272,88,260,486,532,21,30,1,0,1,0,2,0,11,11,0,0,29:33:00,30:27:00,30,45
379,2021,9,11/7/21,Browns,Bengals,14,25,208,263,153,85,361,348,23,23,0,1,0,2,0,3,11,12,1,0,24:38:00,35:22:00,41,16
380,2021,9,11/7/21,Broncos,Cowboys,23,14,217,212,190,78,407,290,41,16,0,1,0,1,0,2,12,10,0,0,41:12:00,18:48,30,16
381,2021,9,11/7/21,Texans,Dolphins,14,22,199,215,73,47,272,262,18,25,1,3,3,2,4,5,14,12,0,0,28:16:00,31:44:00,9,17
382,2021,9,11/7/21,Falcons,Saints,18,26,332,267,34,109,366,376,25,25,0,1,0,0,0,1,11,11,0,0,27:39:00,32:21:00,27,25
383,2021,9,11/7/21,Raiders,Giants,24,16,286,98,117,149,403,247,20,31,1,1,2,0,3,1,10,10,0,1,29:49:00,30:11:00,16,23
384,2021,9,11/7/21,Patriots,Panthers,17,13,122,162,151,78,273,240,39,23,1,0,1,3,2,3,10,11,1,0,32:29:00,27:31:00,24,6
385,2021,9,11/7/21,Bills,Jaguars,17,16,229,139,72,79,301,218,14,27,1,1,2,0,3,1,9,10,0,0,30:38:00,29:22:00,6,9
386,2021,9,11/7/21,Vikings,Ravens,13,36,187,253,131,247,318,500,24,45,0,0,0,2,0,2,11,12,1,0,23:40,46:04:00,31,34
387,2021,9,11/7/21,Chargers,Eagles,28,20,356,155,89,176,445,331,27,39,0,0,0,0,0,0,8,8,0,0,33:37:00,26:23:00,27,24
388,2021,9,11/7/21,Packers,Chiefs,19,14,179,160,122,77,301,237,25,25,1,0,1,0,2,0,10,11,0,0,31:33:00,28:27:00,7,13
389,2021,9,11/7/21,Cardinals,49ers,22,22,274,298,163,39,437,337,39,11,0,2,0,1,0,3,11,11,0,0,36:47:00,23:13,31,17
390,2021,9,11/7/21,Titans,Rams,16,22,125,253,69,94,194,347,26,21,0,0,1,2,1,2,11,11,1,0,27:39:00,32:21:00,28,16
391,2021,9,11/8/21,Bears,Steelers,20,20,278,175,136,105,414,280,26,32,1,1,1,0,2,1,12,12,1,0,25:55:00,34:05:00,27,29
392,2021,10,11/11/21,Ravens,Dolphins,23,17,210,290,94,60,304,350,23,22,1,0,1,0,2,0,14,13,0,1,31:48:00,28:12:00,10,22
393,2021,10,11/14/21,Falcons,Cowboys,11,22,111,317,103,114,214,431,24,37,0,1,3,0,3,1,12,11,0,1,22:19,37:41:00,3,43
394,2021,10,11/14/21,Saints,Titans,22,17,287,198,86,66,373,264,21,29,1,0,0,0,1,0,11,11,0,0,28:33:00,31:27:00,21,23
395,2021,10,11/14/21,Jaguars,Colts,15,15,152,168,179,127,331,295,24,27,1,0,0,0,1,0,13,12,0,1,27:44:00,32:16:00,17,23
396,2021,10,11/14/21,Browns,Patriots,17,30,118,268,99,184,217,452,20,34,0,0,1,0,1,0,9,9,0,0,25:58:00,34:02:00,7,45
397,2021,10,11/14/21,Bills,Jets,26,22,350,296,139,70,489,366,24,22,1,1,1,4,2,5,13,12,0,0,27:27:00,32:33:00,45,17
398,2021,10,11/14/21,Lions,Steelers,17,22,77,242,229,145,306,387,39,31,0,2,0,1,0,3,15,14,0,0,33:12:00,36:48:00,16,16
399,2021,10,11/14/21,Buccaneers,Commanders,14,23,220,226,53,94,273,320,13,34,0,1,2,0,2,1,10,9,0,0,20:52,39:08:00,19,29
400,2021,10,11/14/21,Panthers,Cardinals,24,11,175,104,166,65,341,169,37,20,1,1,1,1,2,2,12,12,0,0,37:42:00,22:18,34,10
401,2021,10,11/14/21,Vikings,Chargers,24,20,278,171,103,82,381,253,33,19,1,0,0,1,1,1,11,10,0,0,36:15:00,23:45,27,20
402,2021,10,11/14/21,Eagles,Broncos,22,17,170,212,216,96,386,308,39,18,0,1,1,0,1,1,10,11,1,0,34:58:00,25:02:00,30,13
403,2021,10,11/14/21,Seahawks,Packers,15,22,133,287,75,106,208,393,16,32,0,0,2,1,2,1,10,9,0,0,20:51,39:09:00,0,17
404,2021,10,11/14/21,Chiefs,Raiders,29,15,422,249,94,50,516,299,25,14,1,1,0,1,1,2,10,10,0,0,35:26:00,24:34:00,41,14
405,2021,10,11/15/21,Rams,49ers,16,20,226,179,52,156,278,335,10,44,0,0,2,0,2,0,10,9,0,1,20:57,39:03:00,10,31
406,2021,11,11/18/21,Patriots,Falcons,20,11,174,125,134,40,308,165,30,16,0,0,1,4,1,4,11,11,1,0,32:43:00,27:17:00,25,0
407,2021,11,11/21/21,Colts,Bills,28,19,106,220,264,91,370,311,46,13,0,1,0,3,0,4,9,10,0,0,37:47:00,22:13,41,15
408,2021,11,11/21/21,Ravens,Bears,23,14,176,261,123,92,299,353,34,20,0,1,1,0,1,1,11,12,0,0,38:50:00,21:10,16,13
409,2021,11,11/21/21,Lions,Browns,12,22,77,165,168,184,245,349,23,36,0,0,2,2,2,2,11,11,0,0,25:04:00,34:56:00,10,13
410,2021,11,11/21/21,Texans,Titans,15,26,107,317,83,103,190,420,38,25,0,1,0,4,0,5,12,12,0,0,29:38:00,30:22:00,22,13
411,2021,11,11/21/21,Packers,Vikings,21,25,372,318,95,90,467,408,19,29,0,0,0,0,0,0,9,9,0,0,28:59:00,31:01:00,31,34
412,2021,11,11/21/21,Dolphins,Jets,20,18,273,278,115,102,388,380,33,18,0,1,1,0,1,1,11,10,0,0,33:35:00,26:25:00,24,17
413,2021,11,11/21/21,Saints,Eagles,18,21,214,138,109,242,323,380,22,50,1,1,2,0,3,1,15,14,0,1,22:59,37:01:00,29,40
414,2021,11,11/21/21,Commanders,Panthers,24,18,179,186,190,111,369,297,40,21,1,0,0,0,1,0,10,10,0,0,35:53:00,24:07:00,27,21
415,2021,11,11/21/21,49ers,Jaguars,25,14,162,146,171,54,333,200,42,16,0,2,0,0,0,2,9,7,0,0,38:22:00,21:38,30,10
416,2021,11,11/21/21,Bengals,Raiders,23,13,129,206,159,72,288,278,38,18,1,1,0,1,1,2,10,11,0,0,37:20:00,22:40,32,13
417,2021,11,11/21/21,Cowboys,Chiefs,16,22,194,244,82,126,276,370,16,26,1,1,2,1,3,2,12,13,0,0,29:13:00,30:47:00,9,19
418,2021,11,11/21/21,Cardinals,Seahawks,29,16,318,180,95,86,413,266,33,19,0,0,0,0,0,0,10,10,0,0,40:22:00,19:38,23,13
419,2021,11,11/21/21,Steelers,Chargers,22,33,245,374,55,159,300,533,18,26,0,0,0,1,0,1,11,11,0,0,28:14:00,31:46:00,37,41
420,2021,11,11/22/21,Giants,Buccaneers,15,28,149,308,66,94,215,402,13,27,1,0,2,1,3,1,11,11,0,0,24:21:00,35:39:00,10,30
421,2021,12,11/25/21,Bears,Lions,21,14,310,163,68,76,378,239,29,19,0,1,1,0,1,1,10,9,0,0,32:56:00,27:04:00,16,14
422,2021,12,11/25/21,Raiders,Cowboys,28,23,366,373,143,64,509,437,35,20,0,0,0,0,0,0,15,14,0,1,39:02:00,26:30:00,36,33
423,2021,12,11/25/21,Bills,Saints,21,12,248,146,113,44,361,190,32,25,0,0,2,1,2,1,10,11,0,0,34:38:00,25:22:00,31,6
424,2021,12,11/28/21,Steelers,Bengals,16,25,250,172,51,198,301,370,15,38,1,0,2,1,3,1,12,10,0,1,24:40:00,35:20:00,10,41
425,2021,12,11/28/21,Buccaneers,Colts,28,24,217,285,142,107,359,392,27,20,1,3,1,2,2,5,13,12,0,0,29:59:00,30:01:00,38,31
426,2021,12,11/28/21,Panthers,Dolphins,10,22,134,204,64,111,198,315,18,39,0,1,3,0,3,1,12,11,0,1,22:26,37:34:00,10,33
427,2021,12,11/28/21,Titans,Patriots,18,23,85,289,270,105,355,394,39,24,3,0,1,0,4,0,11,11,0,0,31:02:00,28:58:00,13,36
428,2021,12,11/28/21,Eagles,Giants,19,17,124,194,208,70,332,264,33,27,1,0,3,0,4,0,10,10,0,0,27:58:00,32:02:00,7,13
429,2021,12,11/28/21,Falcons,Jaguars,21,20,183,216,149,141,332,357,29,28,0,1,1,1,1,2,10,10,0,0,30:52:00,29:08:00,21,14
430,2021,12,11/28/21,Jets,Texans,18,13,109,106,157,96,266,202,34,24,0,0,1,1,1,1,11,11,0,0,33:42:00,26:18:00,21,14
431,2021,12,11/28/21,Chargers,Broncos,20,23,285,155,72,147,357,302,17,33,0,0,2,1,2,1,9,9,0,1,30:23:00,29:37:00,13,28
432,2021,12,11/28/21,Rams,Packers,15,21,285,307,68,92,353,399,20,32,2,1,1,0,3,1,14,13,0,1,20:20,39:40:00,28,36
433,2021,12,11/28/21,Vikings,49ers,17,23,256,215,67,208,323,423,18,39,1,0,1,1,2,1,12,12,1,0,22:53,37:07:00,26,34
434,2021,12,11/28/21,Browns,Ravens,14,22,222,155,40,148,262,303,17,43,2,0,0,4,2,4,12,13,0,0,22:56,37:04:00,10,16
435,2021,12,11/29/21,Seahawks,Commanders,10,27,233,219,34,152,267,371,12,43,1,0,0,1,1,1,11,12,0,0,18:20,41:40:00,15,17
436,2021,13,12/2/21,Cowboys,Saints,17,17,231,252,146,153,377,405,24,26,0,0,1,4,1,4,14,14,1,0,28:06:00,31:54:00,27,17
437,2021,13,12/5/21,Buccaneers,Falcons,25,21,368,259,57,121,425,380,17,23,0,1,1,0,1,1,10,9,0,1,27:14:00,32:46:00,30,17
438,2021,13,12/5/21,Cardinals,Bears,14,26,120,217,137,112,257,329,35,27,0,0,0,4,0,4,10,10,0,0,25:15:00,34:45:00,33,22
439,2021,13,12/5/21,Chargers,Bengals,18,21,284,260,79,96,363,356,22,25,2,2,1,2,3,4,13,15,1,0,28:46:00,31:14:00,41,22
440,2021,13,12/5/21,Vikings,Lions,26,23,326,272,100,100,426,372,27,27,1,1,0,1,1,2,12,12,0,0,33:04:00,26:56:00,27,29
441,2021,13,12/5/21,Giants,Dolphins,16,19,159,229,91,68,250,297,17,25,0,0,1,0,1,0,12,12,0,0,29:20:00,30:40:00,9,20
442,2021,13,12/5/21,Eagles,Jets,26,21,233,211,185,70,418,281,41,17,0,0,0,1,0,1,8,9,0,0,35:36:00,24:24:00,33,18
443,2021,13,12/5/21,Colts,Texans,26,9,151,57,238,84,389,141,48,19,1,1,0,1,1,2,12,11,0,0,41:35:00,18:25,31,0
444,2021,13,12/5/21,Commanders,Raiders,23,22,186,234,112,76,298,310,30,16,0,0,1,0,1,0,9,9,0,0,33:43:00,26:17:00,17,15
445,2021,13,12/5/21,Jaguars,Rams,14,24,136,290,61,128,197,418,25,27,2,0,0,0,2,0,11,10,0,0,26:15:00,33:45:00,7,37
446,2021,13,12/5/21,Ravens,Steelers,22,17,219,236,107,85,326,321,25,25,0,0,1,0,1,0,10,10,0,0,36:30:00,23:30,19,20
447,2021,13,12/5/21,49ers,Seahawks,17,21,294,181,71,146,365,327,25,27,1,2,2,1,3,3,13,13,0,0,26:48:00,33:12:00,23,30
448,2021,13,12/5/21,Broncos,Chiefs,22,15,250,178,154,89,404,267,31,24,1,0,2,1,3,1,10,10,0,1,33:30:00,26:30:00,9,22
449,2021,13,12/6/21,Patriots,Bills,11,16,19,131,222,99,241,230,46,25,1,1,0,0,1,1,10,10,0,0,32:01:00,27:59:00,14,10
450,2021,14,12/9/21,Steelers,Vikings,22,22,269,216,106,242,375,458,24,36,0,0,1,2,1,2,14,13,0,0,29:32:00,30:28:00,28,36
451,2021,14,12/12/21,Ravens,Browns,21,20,271,190,118,100,389,290,23,29,2,0,0,1,2,1,13,12,0,1,26:10:00,33:50:00,22,24
452,2021,14,12/12/21,Jaguars,Titans,9,22,184,161,8,102,192,263,8,34,0,0,4,0,4,0,11,11,0,0,23:03,36:57:00,0,20
453,2021,14,12/12/21,Raiders,Chiefs,19,21,246,240,44,132,290,372,12,30,4,0,1,0,5,0,10,9,0,1,26:25:00,33:35:00,9,48
454,2021,14,12/12/21,Saints,Jets,21,13,141,178,203,78,344,256,44,17,0,0,0,0,0,0,11,12,0,0,38:52:00,21:08,30,9
455,2021,14,12/12/21,Cowboys,Commanders,19,14,201,124,122,100,323,224,35,23,0,3,2,1,2,4,14,14,1,1,34:29:00,25:31:00,27,20
456,2021,14,12/12/21,Falcons,Panthers,20,21,190,243,128,91,318,334,36,26,1,1,0,2,1,3,10,10,1,0,34:37:00,25:23:00,29,21
457,2021,14,12/12/21,Seahawks,Texans,20,25,260,317,193,63,453,380,29,25,0,0,0,0,0,0,10,11,0,0,26:41:00,33:19:00,33,13
458,2021,14,12/12/21,Lions,Broncos,17,25,198,174,118,184,316,358,21,39,1,0,1,0,2,0,9,9,0,0,27:53:00,32:07:00,10,38
459,2021,14,12/12/21,Giants,Chargers,20,26,181,271,135,152,316,423,26,37,1,0,1,0,2,0,12,11,0,0,25:40:00,34:20:00,21,37
460,2021,14,12/12/21,49ers,Bengals,21,22,255,311,100,86,355,397,23,26,0,2,0,0,0,2,13,11,0,0,33:50:00,34:17:00,26,23
461,2021,14,12/12/21,Bills,Buccaneers,27,26,293,351,173,137,466,488,19,29,0,0,1,0,1,0,13,14,0,0,32:21:00,32:08:00,27,33
462,2021,14,12/12/21,Bears,Packers,16,27,210,320,137,119,347,439,23,24,1,0,2,0,3,0,12,11,1,1,25:00:00,35:00:00,30,45
463,2021,14,12/13/21,Rams,Cardinals,18,22,267,344,89,103,356,447,21,22,0,0,0,2,0,2,9,11,0,0,29:04:00,30:56:00,30,23
464,2021,15,12/16/21,Chiefs,Chargers,26,28,410,236,86,192,496,428,20,39,1,1,1,1,2,2,11,10,0,0,28:12:00,33:03:00,34,28
465,2021,15,12/18/21,Patriots,Colts,20,15,284,49,81,226,365,275,19,39,0,0,2,1,2,1,10,10,0,1,29:38:00,30:22:00,17,27
466,2021,15,12/19/21,Panthers,Bills,19,21,124,193,151,119,275,312,29,27,0,0,1,1,1,1,11,12,0,0,31:25:00,28:35:00,14,31
467,2021,15,12/19/21,Cardinals,Lions,23,22,293,212,105,126,398,338,21,34,0,1,1,0,1,1,11,10,0,0,28:08:00,31:52:00,12,30
468,2021,15,12/19/21,Jets,Dolphins,16,23,126,196,102,183,228,379,24,42,1,1,0,2,1,3,11,13,1,0,25:38:00,34:22:00,24,31
469,2021,15,12/19/21,Cowboys,Giants,23,15,203,178,125,124,328,302,30,24,1,1,0,3,1,4,11,10,0,0,33:23:00,26:37:00,21,6
470,2021,15,12/19/21,Titans,Steelers,22,12,117,133,201,35,318,168,42,17,3,0,1,0,4,0,11,12,0,0,39:08:00,20:52,13,19
471,2021,15,12/19/21,Texans,Jaguars,13,21,206,189,75,107,281,296,26,25,0,0,1,0,1,0,11,11,1,0,30:07:00,29:53:00,30,16
472,2021,15,12/19/21,Bengals,Broncos,12,19,136,159,113,133,249,292,26,34,0,1,0,0,0,1,12,11,0,0,27:19:00,32:41:00,15,10
473,2021,15,12/19/21,Falcons,49ers,13,23,213,235,62,162,275,397,23,32,1,1,0,0,1,1,11,10,0,0,29:33:00,30:27:00,13,31
474,2021,15,12/19/21,Packers,Ravens,26,24,250,211,96,143,346,354,25,26,0,0,0,0,0,0,9,9,0,0,31:10:00,28:50:00,31,30
475,2021,15,12/19/21,Saints,Buccaneers,11,17,151,184,61,118,212,302,31,21,0,1,0,1,0,2,13,13,0,0,29:45:00,30:15:00,9,0
476,2021,15,12/20/21,Raiders,Browns,20,13,230,147,98,89,328,236,25,24,1,0,1,0,2,0,10,10,0,0,33:24:00,26:36:00,16,14
477,2021,15,12/20/21,Vikings,Bears,13,24,61,255,132,115,193,370,33,28,0,3,1,0,1,3,12,11,0,0,30:45:00,29:15:00,17,9
478,2021,15,12/21/21,Seahawks,Rams,13,20,134,209,80,123,214,332,19,29,0,0,1,1,1,1,10,11,0,0,24:54:00,35:06:00,10,20
479,2021,15,12/21/21,Commanders,Eagles,14,23,174,281,63,238,237,519,21,41,0,1,0,1,0,2,11,10,0,0,24:43:00,35:17:00,17,27
480,2021,16,12/23/21,49ers,Titans,22,16,306,188,83,90,389,278,21,24,0,0,2,0,2,0,10,9,0,0,30:31:00,29:29:00,17,20
481,2021,16,12/25/21,Browns,Packers,28,19,189,202,219,109,408,311,25,24,0,0,4,0,4,0,10,10,0,0,31:41:00,28:19:00,22,24
482,2021,16,12/25/21,Colts,Cardinals,20,20,220,245,126,133,346,378,33,21,0,0,0,0,0,0,10,10,0,0,35:29:00,24:31:00,22,16
483,2021,16,12/26/21,Lions,Falcons,19,14,208,207,130,47,338,254,33,18,0,1,1,0,1,1,8,8,0,0,38:05:00,21:55,16,20
484,2021,16,12/26/21,Ravens,Bengals,21,33,295,498,39,77,334,575,16,21,0,0,1,0,1,0,9,9,0,0,22:57,37:03:00,21,41
485,2021,16,12/26/21,Rams,Vikings,22,19,197,295,159,66,356,361,33,22,0,0,3,1,3,1,11,12,1,0,30:00:00,30:00:00,30,23
486,2021,16,12/26/21,Bills,Patriots,28,20,314,139,114,149,428,288,28,27,0,0,0,2,0,2,9,8,0,0,35:09:00,24:51:00,33,21
487,2021,16,12/26/21,Jaguars,Jets,27,18,252,100,132,273,384,373,31,36,1,0,0,0,1,0,9,9,0,1,32:18:00,27:42:00,21,26
488,2021,16,12/26/21,Giants,Eagles,15,17,108,194,84,130,192,324,27,30,0,0,2,0,2,0,13,12,0,1,30:52:00,29:08:00,10,34
489,2021,16,12/26/21,Buccaneers,Panthers,21,16,232,206,159,67,391,273,31,15,0,0,0,1,0,1,11,11,0,0,33:24:00,26:36:00,32,6
490,2021,16,12/26/21,Chargers,Texans,25,26,328,248,89,189,417,437,21,36,1,0,2,0,3,0,10,9,0,1,25:08:00,34:52:00,29,41
491,2021,16,12/26/21,Bears,Seahawks,26,18,229,161,88,170,317,331,30,24,0,0,0,0,0,0,11,10,0,0,38:25:00,21:35,25,24
492,2021,16,12/26/21,Steelers,Chiefs,20,25,173,254,130,127,303,381,25,35,2,0,1,0,3,0,11,10,0,0,25:18:00,34:42:00,10,36
493,2021,16,12/26/21,Broncos,Raiders,8,22,140,182,18,160,158,342,16,40,0,2,0,1,0,3,9,10,0,0,23:23,36:37:00,13,17
494,2021,16,12/26/21,Commanders,Cowboys,14,28,172,389,85,108,257,497,20,28,0,0,2,0,2,0,13,11,0,2,28:29:00,31:31:00,14,56
495,2021,16,12/27/21,Dolphins,Saints,16,10,173,81,86,83,259,164,30,23,0,0,1,2,1,2,11,12,1,0,33:56:00,26:04:00,20,3
496,2022,17,1/2/22,Falcons,Bills,18,28,169,118,96,233,265,351,22,44,1,0,0,3,1,3,9,8,0,0,23:53,36:07:00,15,29
497,2022,17,1/2/22,Giants,Bears,13,17,-6,162,161,87,155,249,40,27,2,0,2,2,4,2,12,12,0,0,29:52:00,30:08:00,3,29
498,2022,17,1/2/22,Chiefs,Bengals,23,23,259,415,155,60,414,475,23,19,0,0,0,0,0,0,9,9,0,0,30:54:00,29:06:00,31,34
499,2022,17,1/2/22,Dolphins,Titans,16,17,182,110,74,198,256,308,16,40,1,0,1,0,2,0,11,11,0,0,26:48:00,33:12:00,3,34
500,2022,17,1/2/22,Raiders,Colts,18,16,241,140,85,122,326,262,27,26,0,0,2,0,2,0,10,9,0,0,31:03:00,28:57:00,23,20
501,2022,17,1/2/22,Jaguars,Patriots,11,32,173,290,80,181,253,471,17,36,0,0,3,0,3,0,10,10,0,0,23:14,36:46:00,10,50
502,2022,17,1/2/22,Buccaneers,Jets,26,22,405,224,62,150,467,374,21,26,0,1,1,0,1,1,10,10,0,0,33:03:00,26:57:00,28,24
503,2022,17,1/2/22,Eagles,Commanders,18,24,212,218,118,94,330,312,34,22,0,0,0,1,0,1,9,8,0,0,32:09:00,27:51:00,20,16
504,2022,17,1/2/22,Rams,Ravens,20,19,300,162,73,165,373,327,20,32,1,1,2,1,3,2,10,9,0,1,26:21:00,33:39:00,20,19
505,2022,17,1/2/22,Broncos,Chargers,18,21,236,237,83,104,319,341,27,35,1,0,0,0,1,0,9,10,0,1,29:44:00,30:16:00,13,34
506,2022,17,1/2/22,Texans,49ers,15,19,136,241,86,175,222,416,27,37,0,0,1,1,1,1,12,12,0,0,30:31:00,29:29:00,7,23
507,2022,17,1/2/22,Cardinals,Cowboys,23,19,272,256,127,45,399,301,32,17,0,1,0,0,0,1,10,9,0,0,34:42:00,25:18:00,25,22
508,2022,17,1/2/22,Panthers,Saints,16,15,90,207,88,73,178,280,26,28,1,0,1,0,2,0,10,11,0,0,30:31:00,29:29:00,10,18
509,2022,17,1/2/22,Lions,Seahawks,20,29,262,232,95,265,357,497,22,41,0,0,3,0,3,0,12,11,0,0,26:27:00,33:33:00,29,51
510,2022,17,1/2/22,Vikings,Packers,11,29,179,307,27,174,206,481,11,32,0,0,0,0,0,0,11,11,0,0,21:27,38:33:00,10,37
511,2022,17,1/3/22,Browns,Steelers,15,20,139,109,93,190,232,299,20,31,0,0,2,1,2,1,13,14,0,0,25:05:00,34:55:00,14,26
512,2022,18,1/8/22,Chiefs,Broncos,28,18,255,173,135,191,390,364,29,28,0,1,0,0,0,1,8,8,1,0,33:04:00,26:56:00,28,24
513,2022,18,1/8/22,Cowboys,Eagles,22,22,304,166,171,149,475,315,32,33,0,0,0,1,0,1,10,10,0,0,27:37:00,32:23:00,51,26
514,2022,18,1/9/22,Bengals,Browns,11,24,103,171,79,205,182,376,18,41,0,1,0,1,0,2,9,11,1,0,26:21:00,33:39:00,16,21
515,2022,18,1/9/22,Packers,Lions,22,19,256,305,122,99,378,404,27,26,1,0,2,0,3,0,11,11,0,0,33:39:00,26:21:00,30,37
516,2022,18,1/9/22,Bears,Vikings,24,11,266,227,90,104,356,331,25,22,0,0,2,0,2,0,11,11,0,1,36:47:00,23:13,17,31
517,2022,18,1/9/22,Commanders,Giants,16,10,99,83,226,94,325,177,37,25,0,1,0,2,0,3,10,11,1,0,32:17:00,27:43:00,22,7
518,2022,18,1/9/22,Colts,Jaguars,13,19,139,217,94,101,233,318,18,31,1,0,1,0,2,0,9,10,0,0,26:41:00,33:19:00,11,26
519,2022,18,1/9/22,Steelers,Ravens,19,20,235,132,79,249,314,381,30,36,0,1,1,2,1,3,15,14,0,0,36:48:00,31:16:00,16,13
520,2022,18,1/9/22,Titans,Texans,23,18,281,289,124,64,405,353,32,21,0,0,0,0,0,0,10,10,0,0,33:34:00,26:26:00,28,25
521,2022,18,1/9/22,Saints,Falcons,22,13,174,195,195,62,369,257,46,12,0,2,0,1,0,3,11,11,0,0,39:17:00,20:43,30,20
522,2022,18,1/9/22,Jets,Bills,4,25,5,254,48,170,53,424,17,33,0,0,0,0,0,0,13,14,0,0,23:00,37:00:00,10,27
523,2022,18,1/9/22,49ers,Rams,23,19,314,201,135,64,449,265,31,27,0,0,2,2,2,2,11,11,0,0,36:44:00,31:24:00,27,24
524,2022,18,1/9/22,Patriots,Dolphins,21,23,245,103,134,195,379,298,27,43,2,0,1,0,3,0,10,9,0,2,26:24:00,33:36:00,24,33
525,2022,18,1/9/22,Seahawks,Cardinals,19,20,229,187,202,118,431,305,30,28,1,1,1,0,2,1,11,10,0,1,24:11:00,35:49:00,38,30
526,2022,18,1/9/22,Panthers,Buccaneers,18,21,207,324,110,85,317,409,26,20,1,0,1,0,2,0,12,12,0,0,35:05:00,24:55:00,17,41
527,2022,18,1/9/22,Chargers,Raiders,27,24,355,172,85,174,440,346,21,34,1,0,1,0,2,0,11,13,0,0,31:19:00,38:41:00,32,35
528,2022,1,9/8/22,Bills,Rams,23,19,292,191,121,52,413,243,25,18,2,0,2,3,4,3,10,10,0,0,31:14:00,28:46:00,31,10
529,2022,1,9/11/22,Saints,Falcons,18,26,234,215,151,201,385,416,19,38,1,2,0,0,1,2,12,13,0,0,26:16:00,33:44:00,27,26
530,2022,1,9/11/22,49ers,Bears,17,15,155,105,176,99,331,204,37,37,1,0,1,1,2,1,11,11,0,0,33:28:00,26:32:00,10,19
531,2022,1,9/11/22,Steelers,Bengals,13,32,192,299,75,133,267,432,22,34,0,1,0,4,0,5,15,14,1,0,26:18:00,43:42:00,23,20
532,2022,1,9/11/22,Eagles,Lions,27,23,239,205,216,181,455,386,39,28,0,0,0,1,0,1,10,11,1,0,31:34:00,28:26:00,38,35
533,2022,1,9/11/22,Patriots,Dolphins,17,18,193,242,78,65,271,307,22,23,2,0,1,0,3,0,9,8,0,1,27:30:00,32:30:00,7,20
534,2022,1,9/11/22,Ravens,Jets,13,24,211,297,63,83,274,380,21,17,0,1,1,1,1,2,13,12,0,0,27:30:00,32:30:00,24,9
535,2022,1,9/11/22,Jaguars,Commanders,24,26,260,305,123,85,383,390,18,28,0,1,1,2,1,3,11,12,0,0,27:03:00,32:57:00,22,28
536,2022,1,9/11/22,Browns,Panthers,23,15,138,207,217,54,355,261,39,19,0,0,0,1,0,1,11,12,0,0,38:26:00,21:34,26,24
537,2022,1,9/11/22,Colts,Texans,33,20,340,222,177,77,517,299,38,28,1,1,1,0,2,1,13,14,0,0,39:37:00,30:23:00,20,20
538,2022,1,9/11/22,Giants,Titans,19,19,156,266,238,93,394,359,32,26,1,1,1,0,2,1,12,11,0,0,28:54:00,31:06:00,21,20
539,2022,1,9/11/22,Packers,Vikings,21,19,227,269,111,126,338,395,18,28,1,0,1,0,2,0,11,10,0,0,28:37:00,31:23:00,7,23
540,2022,1,9/11/22,Chiefs,Cardinals,33,18,360,179,128,103,488,282,27,22,1,0,0,0,1,0,10,11,0,0,34:42:00,25:18:00,44,21
541,2022,1,9/11/22,Raiders,Chargers,18,18,256,279,64,76,320,355,13,31,0,0,3,0,3,0,11,11,0,0,27:28:00,32:32:00,19,24
542,2022,1,9/11/22,Buccaneers,Cowboys,18,12,195,173,152,71,347,244,33,18,0,0,1,1,1,1,11,11,0,0,32:42:00,27:18:00,19,3
543,2022,1,9/12/22,Broncos,Seahawks,20,19,330,177,103,76,433,253,20,19,2,1,0,0,2,1,8,8,0,0,33:39:00,26:21:00,16,17
544,2022,2,9/15/22,Chargers,Chiefs,21,15,326,226,75,93,401,319,24,18,0,0,1,0,1,0,12,11,0,1,33:37:00,26:23:00,24,27
545,2022,2,9/18/22,Jets,Browns,20,29,309,221,93,184,402,405,20,37,1,0,0,1,1,1,11,10,0,0,27:46:00,32:14:00,31,30
546,2022,2,9/18/22,Commanders,Lions,21,17,308,234,88,191,396,425,21,24,0,0,1,0,1,0,14,14,0,0,32:03:00,27:57:00,27,36
547,2022,2,9/18/22,Buccaneers,Saints,13,18,188,208,72,100,260,308,30,20,1,2,0,3,1,5,13,13,1,0,29:42:00,30:18:00,20,10
548,2022,2,9/18/22,Panthers,Giants,18,18,129,162,146,103,275,265,23,33,2,0,0,0,2,0,11,12,0,0,24:03:00,35:57:00,16,19
549,2022,2,9/18/22,Patriots,Steelers,18,16,252,152,124,91,376,243,31,22,0,1,1,1,1,2,10,9,0,0,33:36:00,26:24:00,17,14
550,2022,2,9/18/22,Colts,Jaguars,9,21,164,235,54,96,218,331,13,37,0,0,3,0,3,0,11,11,0,0,21:45,38:15:00,0,24
551,2022,2,9/18/22,Dolphins,Ravens,27,23,461,318,86,155,547,473,18,25,0,0,2,0,2,0,11,11,0,1,34:47:00,25:13:00,42,38
552,2022,2,9/18/22,Falcons,Rams,17,24,171,272,90,65,261,337,27,26,1,1,2,2,3,3,10,10,1,0,29:36:00,30:24:00,27,31
553,2022,2,9/18/22,Seahawks,49ers,14,25,180,184,36,189,216,373,14,45,1,0,2,0,3,0,9,10,1,0,21:40,38:20:00,7,27
554,2022,2,9/18/22,Bengals,Cowboys,19,19,165,230,89,107,254,337,25,27,0,1,0,0,0,1,10,10,0,0,33:48:00,26:12:00,17,20
555,2022,2,9/18/22,Texans,Broncos,15,20,154,201,80,149,234,350,18,31,0,0,0,1,0,1,11,11,0,0,27:27:00,32:33:00,9,16
556,2022,2,9/18/22,Cardinals,Raiders,28,20,270,244,143,80,413,324,28,21,0,1,1,0,1,1,9,9,1,0,36:22:00,29:47:00,29,23
557,2022,2,9/18/22,Bears,Packers,11,26,48,211,180,203,228,414,27,38,0,1,1,0,1,1,9,9,0,0,22:45,37:15:00,10,27
558,2022,2,9/19/22,Titans,Bills,12,23,107,313,80,101,187,414,27,24,2,0,2,0,4,0,11,11,0,1,28:26:00,31:34:00,7,41
559,2022,2,9/19/22,Vikings,Eagles,20,25,202,323,62,163,264,486,11,34,0,0,3,1,3,1,10,10,0,0,23:46,36:14:00,7,24
560,2022,3,9/22/22,Steelers,Browns,20,22,204,205,104,171,308,376,22,38,1,0,0,0,1,0,11,10,0,1,23:51,36:09:00,17,29
561,2022,3,9/25/22,Texans,Bears,17,17,237,82,92,281,329,363,24,40,0,0,2,2,2,2,11,12,0,0,28:38:00,31:22:00,20,23
562,2022,3,9/25/22,Raiders,Titans,24,19,300,252,96,109,396,361,19,27,0,0,1,1,1,1,9,10,0,0,30:45:00,29:15:00,22,24
563,2022,3,9/25/22,Chiefs,Colts,20,19,257,177,58,82,315,259,23,27,1,1,1,0,2,1,10,11,0,0,26:28:00,33:32:00,17,20
564,2022,3,9/25/22,Bills,Dolphins,31,15,382,171,115,41,497,212,23,17,1,0,0,0,1,0,9,8,0,0,40:40:00,19:20,19,21
565,2022,3,9/25/22,Lions,Vikings,23,30,277,250,139,123,416,373,35,25,0,1,1,0,1,1,12,13,0,0,34:04:00,25:56:00,24,28
566,2022,3,9/25/22,Ravens,Patriots,19,22,206,302,188,145,394,447,26,28,1,1,1,3,2,4,12,12,0,0,30:36:00,29:24:00,37,26
567,2022,3,9/25/22,Bengals,Jets,20,19,261,252,69,76,330,328,28,20,1,2,0,2,1,4,12,12,0,0,32:24:00,27:36:00,27,12
568,2022,3,9/25/22,Eagles,Commanders,21,20,328,153,72,87,400,240,30,22,0,1,0,0,0,1,13,12,0,0,27:06:00,32:54:00,24,8
569,2022,3,9/25/22,Saints,Panthers,19,12,342,148,84,145,426,293,22,31,1,0,2,0,3,0,13,13,0,1,29:50:00,30:10:00,14,22
570,2022,3,9/25/22,Jaguars,Chargers,25,16,262,286,151,26,413,312,36,12,0,1,0,1,0,2,11,10,0,0,38:27:00,21:33,38,10
571,2022,3,9/25/22,Rams,Cardinals,15,23,239,295,100,70,339,365,20,21,1,0,0,0,1,0,10,9,0,0,26:04:00,33:56:00,20,12
572,2022,3,9/25/22,Falcons,Seahawks,24,23,207,308,179,112,386,420,31,23,1,0,1,1,2,1,9,8,0,0,28:14:00,31:46:00,27,23
573,2022,3,9/25/22,Packers,Buccaneers,14,19,248,251,67,34,315,285,25,14,1,2,1,0,2,2,12,12,0,0,33:25:00,26:35:00,14,12
574,2022,3,9/25/22,49ers,Broncos,13,14,179,160,88,101,267,261,19,33,2,0,1,0,3,0,14,14,0,0,25:31:00,34:29:00,10,11
575,2022,3,9/26/22,Cowboys,Giants,23,22,215,169,176,167,391,336,30,25,0,0,0,1,0,1,11,10,0,0,32:42:00,27:18:00,23,16
576,2022,4,9/29/22,Dolphins,Bengals,20,16,293,304,85,67,378,371,22,30,0,0,2,0,2,0,11,12,0,0,28:25:00,31:35:00,15,27
577,2022,4,10/2/22,Vikings,Saints,23,19,263,227,81,111,344,338,25,27,0,2,1,0,1,2,11,10,0,0,32:13:00,27:47:00,28,25
578,2022,4,10/2/22,Browns,Falcons,22,19,226,131,177,202,403,333,35,35,1,0,1,1,2,1,10,11,0,0,35:44:00,24:16:00,20,23
579,2022,4,10/2/22,Commanders,Cowboys,17,15,155,217,142,62,297,279,27,29,0,0,2,0,2,0,13,13,0,0,33:06:00,26:54:00,10,25
580,2022,4,10/2/22,Seahawks,Lions,27,27,320,375,235,145,555,520,33,25,1,1,0,1,1,2,9,11,1,0,33:06:00,26:54:00,48,45
581,2022,4,10/2/22,Titans,Colts,19,21,116,327,127,38,243,365,28,23,0,2,0,1,0,3,10,9,0,0,26:03:00,33:57:00,24,17
582,2022,4,10/2/22,Bears,Giants,16,21,155,71,149,262,304,333,32,44,3,1,0,1,3,2,12,11,0,0,28:43:00,31:17:00,12,20
583,2022,4,10/2/22,Jaguars,Eagles,13,25,148,191,71,210,219,401,19,50,4,0,1,1,5,1,11,12,1,0,20:09,39:51:00,21,29
584,2022,4,10/2/22,Jets,Steelers,19,20,250,178,98,119,348,297,29,31,0,0,2,4,2,4,11,12,0,0,29:59:00,30:01:00,24,20
585,2022,4,10/2/22,Bills,Ravens,22,22,201,134,125,162,326,296,25,33,1,0,1,2,2,2,10,10,0,0,21:50,38:10:00,23,20
586,2022,4,10/2/22,Chargers,Texans,22,16,338,215,81,131,419,346,27,14,1,0,0,2,1,2,12,12,0,0,31:39:00,28:21:00,34,24
587,2022,4,10/2/22,Cardinals,Panthers,20,11,206,180,132,40,338,220,37,13,0,1,1,2,1,3,12,11,0,1,38:35:00,21:25,26,16
588,2022,4,10/2/22,Patriots,Packers,17,24,104,244,167,199,271,443,33,35,1,1,0,1,1,2,11,14,1,0,33:11:00,36:49:00,24,27
589,2022,4,10/2/22,Broncos,Raiders,12,25,214,173,85,212,299,385,20,38,1,0,0,0,1,0,11,11,0,1,25:08:00,34:52:00,23,32
590,2022,4,10/2/22,Chiefs,Buccaneers,27,27,228,373,189,3,417,376,37,6,0,2,1,0,1,2,11,11,0,0,38:38:00,21:22,41,31
591,2022,4,10/3/22,Rams,49ers,21,13,200,239,57,88,257,327,18,22,1,0,1,0,2,0,10,9,0,1,34:34:00,25:26:00,9,24
592,2022,5,10/6/22,Colts,Broncos,19,18,200,250,106,125,306,375,26,28,0,0,2,2,2,2,13,14,0,0,34:36:00,32:51:00,12,9
593,2022,5,10/9/22,Giants,Packers,24,22,213,207,125,94,338,301,31,20,0,0,0,0,0,0,8,9,0,0,32:11:00,27:49:00,27,22
594,2022,5,10/9/22,Steelers,Bills,23,21,310,432,54,120,364,552,17,18,1,1,1,1,2,2,11,13,0,0,36:08:00,23:52,3,38
595,2022,5,10/9/22,Chargers,Browns,26,27,227,230,238,213,465,443,34,31,0,0,0,1,0,1,11,10,0,0,29:58:00,30:02:00,30,28
596,2022,5,10/9/22,Bears,Vikings,14,29,193,312,78,117,271,429,24,31,1,0,0,1,1,1,8,9,0,0,23:16,36:44:00,22,29
597,2022,5,10/9/22,Lions,Patriots,17,22,211,188,101,176,312,364,27,35,1,0,1,1,2,1,10,9,0,1,28:31:00,31:29:00,0,29
598,2022,5,10/9/22,Seahawks,Saints,15,26,245,203,151,235,396,438,21,48,1,1,0,1,1,2,13,14,0,0,22:25,37:35:00,32,39
599,2022,5,10/9/22,Dolphins,Jets,19,21,158,187,137,135,295,322,26,33,1,0,1,0,2,0,12,13,0,0,29:02:00,30:58:00,17,40
600,2022,5,10/9/22,Falcons,Buccaneers,19,26,110,351,151,69,261,420,31,23,0,0,0,0,0,0,9,10,0,0,30:34:00,29:26:00,15,21
601,2022,5,10/9/22,Titans,Commanders,15,17,136,342,105,43,241,385,32,17,0,0,0,1,0,1,12,12,0,0,32:40:00,27:20:00,21,17
602,2022,5,10/9/22,Texans,Jaguars,15,22,132,286,116,136,248,422,31,26,0,0,0,2,0,2,10,10,0,0,31:47:00,28:13:00,13,6
603,2022,5,10/9/22,49ers,Panthers,22,15,244,244,153,64,397,308,29,17,1,0,0,1,1,1,11,11,1,0,30:18:00,29:42:00,37,15
604,2022,5,10/9/22,Cowboys,Rams,10,14,76,285,163,38,239,323,34,15,0,2,0,1,0,3,12,12,1,0,29:30:00,30:30:00,22,10
605,2022,5,10/9/22,Eagles,Cardinals,24,23,218,239,139,124,357,363,33,26,0,0,0,1,0,1,9,9,0,0,34:39:00,25:21:00,20,17
606,2022,5,10/9/22,Bengals,Ravens,20,22,190,170,101,155,291,325,21,28,0,0,1,1,1,1,9,10,0,0,30:01:00,29:59:00,17,19
607,2022,5,10/10/22,Raiders,Chiefs,18,29,223,265,155,103,378,368,24,23,0,0,0,0,0,0,9,10,0,0,28:53:00,31:07:00,29,30
608,2022,6,10/13/22,Commanders,Bears,14,20,86,154,128,237,214,391,28,37,0,1,0,1,0,2,11,10,0,0,27:48:00,32:12:00,12,7
609,2022,6,10/16/22,49ers,Falcons,21,18,296,121,50,168,346,289,16,40,1,0,2,0,3,0,10,8,0,1,26:35:00,33:25:00,14,28
610,2022,6,10/16/22,Patriots,Browns,20,16,301,258,98,70,399,328,29,18,1,2,0,2,1,4,14,12,0,0,35:05:00,24:55:00,38,15
611,2022,6,10/16/22,Jets,Packers,14,15,99,218,179,60,278,278,33,20,0,1,0,0,0,1,12,13,1,0,28:48:00,31:12:00,27,10
612,2022,6,10/16/22,Jaguars,Colts,25,29,136,389,243,45,379,434,33,16,1,0,0,0,1,0,10,9,0,0,31:11:00,28:49:00,27,34
613,2022,6,10/16/22,Vikings,Dolphins,11,23,156,385,78,73,234,458,17,20,0,1,0,2,0,3,15,14,0,0,24:31:00,35:29:00,24,16
614,2022,6,10/16/22,Bengals,Saints,21,22,273,171,75,228,348,399,14,34,1,0,0,0,1,0,10,10,0,0,27:46:00,32:14:00,30,26
615,2022,6,10/16/22,Ravens,Giants,23,18,195,155,211,83,406,238,24,31,1,1,1,0,2,1,9,10,0,0,28:08:00,31:52:00,20,24
616,2022,6,10/16/22,Buccaneers,Steelers,20,15,229,193,75,77,304,270,26,29,0,0,0,0,0,0,10,10,0,0,30:01:00,29:59:00,18,20
617,2022,6,10/16/22,Panthers,Rams,8,22,110,249,93,111,203,360,21,29,0,0,1,1,1,1,10,11,1,0,22:55,37:05:00,10,24
618,2022,6,10/16/22,Cardinals,Seahawks,15,19,171,160,144,136,315,296,28,30,1,1,1,0,2,1,11,12,1,0,30:44:00,29:16:00,9,19
619,2022,6,10/16/22,Bills,Chiefs,26,23,318,319,125,68,443,387,31,18,1,0,0,2,1,2,10,10,0,0,31:28:00,28:32:00,24,20
620,2022,6,10/16/22,Cowboys,Eagles,21,22,181,132,134,136,315,268,26,39,0,0,3,0,3,0,10,11,0,0,25:30:00,34:30:00,17,26
621,2022,6,10/17/22,Broncos,Chargers,13,24,160,224,98,73,258,297,23,24,1,0,0,1,1,1,11,12,0,0,28:33:00,38:49:00,16,19
622,2022,7,10/20/22,Saints,Cardinals,25,21,409,189,85,137,494,326,22,29,0,0,3,0,3,0,12,10,0,2,29:02:00,30:58:00,34,42
623,2022,7,10/23/22,Falcons,Bengals,13,29,107,459,107,78,214,537,29,21,0,0,0,0,0,0,9,9,0,0,26:55:00,33:05:00,17,35
624,2022,7,10/23/22,Lions,Cowboys,18,21,195,191,117,139,312,330,25,32,3,1,2,0,5,1,11,11,0,0,31:14:00,28:46:00,6,24
625,2022,7,10/23/22,Colts,Titans,17,16,227,116,65,138,292,254,17,35,1,1,2,0,3,1,10,10,0,1,28:27:00,31:33:00,10,19
626,2022,7,10/23/22,Packers,Commanders,16,22,194,198,38,166,232,364,12,38,1,0,0,1,1,1,10,11,1,0,22:53,37:07:00,21,23
627,2022,7,10/23/22,Buccaneers,Panthers,17,14,276,170,46,173,322,343,16,27,0,0,0,0,0,0,11,10,0,0,30:36:00,29:24:00,3,21
628,2022,7,10/23/22,Giants,Jaguars,27,27,200,310,236,142,436,452,39,21,0,1,0,0,0,1,8,9,0,0,34:10:00,25:50:00,23,17
629,2022,7,10/23/22,Browns,Ravens,18,17,223,94,113,160,336,254,24,44,2,1,0,0,2,1,10,10,0,0,25:56:00,34:04:00,20,23
630,2022,7,10/23/22,Jets,Broncos,10,21,105,219,155,105,260,324,24,28,0,0,0,1,0,1,13,12,0,0,27:37:00,32:23:00,16,9
631,2022,7,10/23/22,Texans,Raiders,21,25,296,236,108,164,404,400,23,27,0,0,1,0,1,0,9,8,0,1,29:17:00,30:43:00,20,38
632,2022,7,10/23/22,Seahawks,Chargers,24,21,191,276,213,53,404,329,34,15,1,1,1,1,2,2,13,12,0,0,33:57:00,26:03:00,37,23
633,2022,7,10/23/22,Chiefs,49ers,24,25,417,343,112,101,529,444,21,21,1,1,1,2,2,3,10,11,0,0,26:15:00,33:45:00,44,23
634,2022,7,10/23/22,Steelers,Dolphins,19,17,246,261,95,111,341,372,23,27,0,0,3,0,3,0,12,12,0,0,33:16:00,26:44:00,10,16
635,2022,7,10/24/22,Bears,Patriots,24,12,147,190,243,70,390,260,45,19,0,1,1,3,1,4,11,11,0,0,37:14:00,22:46,33,14
636,2022,8,10/27/22,Ravens,Buccaneers,27,20,222,305,231,44,453,349,33,15,0,1,0,0,0,1,12,10,0,0,38:23:00,21:37,27,22
637,2022,8,10/30/22,Broncos,Jaguars,18,24,230,114,101,191,331,305,28,32,0,0,1,2,1,2,12,11,0,0,25:56:00,34:04:00,21,17
638,2022,8,10/30/22,Panthers,Falcons,23,21,309,239,169,167,478,406,36,37,0,0,1,2,1,2,13,13,0,1,31:31:00,36:34:00,34,37
639,2022,8,10/30/22,Bears,Cowboys,22,24,131,242,240,200,371,442,43,29,1,0,0,1,1,1,11,10,0,1,36:04:00,23:56,29,49
640,2022,8,10/30/22,Dolphins,Lions,27,22,369,311,107,82,476,393,26,19,1,0,0,0,1,0,8,8,0,0,34:22:00,25:38:00,31,27
641,2022,8,10/30/22,Cardinals,Vikings,25,25,297,208,78,173,375,381,22,29,1,1,2,0,3,1,12,13,0,0,30:33:00,29:27:00,26,34
642,2022,8,10/30/22,Raiders,Saints,13,22,145,231,38,136,183,367,13,32,0,0,1,0,1,0,9,8,0,0,25:09:00,34:51:00,0,24
643,2022,8,10/30/22,Patriots,Jets,19,17,161,336,127,51,288,387,34,15,0,0,1,3,1,3,13,12,0,0,35:34:00,24:26:00,22,17
644,2022,8,10/30/22,Steelers,Eagles,21,20,158,290,144,111,302,401,24,20,1,0,1,0,2,0,10,10,0,0,34:18:00,25:42:00,13,35
645,2022,8,10/30/22,Titans,Texans,16,10,40,118,314,43,354,161,45,18,1,0,1,1,2,1,11,12,0,0,34:48:00,25:12:00,17,10
646,2022,8,10/30/22,Commanders,Colts,20,15,266,189,96,135,362,324,28,29,0,2,1,0,1,2,11,12,0,0,30:40:00,29:20:00,17,16
647,2022,8,10/30/22,49ers,Rams,22,16,257,167,111,56,368,223,23,21,0,0,0,0,0,0,8,9,0,0,29:56:00,30:04:00,31,14
648,2022,8,10/30/22,Giants,Seahawks,14,19,147,190,78,87,225,277,28,25,2,1,0,0,2,1,11,13,0,0,33:34:00,26:26:00,13,27
649,2022,8,10/30/22,Packers,Bills,21,20,190,216,208,153,398,369,31,27,0,0,1,2,1,2,9,10,0,0,33:48:00,26:12:00,17,27
650,2022,8,10/31/22,Bengals,Browns,15,24,193,268,36,172,229,440,10,44,1,1,1,1,2,2,10,11,0,0,23:15,36:45:00,13,32
651,2022,9,11/3/22,Eagles,Texans,24,20,217,135,143,168,360,303,31,32,1,0,0,2,1,2,10,9,0,0,28:13:00,31:47:00,29,17
652,2022,9,11/6/22,Chargers,Falcons,19,19,245,114,91,201,336,315,24,35,1,2,1,0,2,2,10,9,0,0,28:11:00,31:49:00,20,17
653,2022,9,11/6/22,Dolphins,Bears,21,23,302,116,77,252,379,368,23,40,0,0,0,0,0,0,9,10,1,0,25:14:00,34:46:00,35,32
654,2022,9,11/6/22,Panthers,Bengals,13,30,164,223,64,241,228,464,18,39,1,0,2,0,3,0,11,11,0,0,20:39,39:21:00,21,42
655,2022,9,11/6/22,Packers,Lions,19,19,283,137,106,117,389,254,25,31,0,0,3,1,3,1,9,9,0,0,34:42:00,25:18:00,9,15
656,2022,9,11/6/22,Colts,Patriots,8,11,43,133,78,70,121,203,22,28,0,1,1,0,1,1,15,14,0,1,28:54:00,31:06:00,3,26
657,2022,9,11/6/22,Bills,Jets,19,21,183,136,134,174,317,310,22,34,0,1,2,0,2,1,9,9,0,0,27:16:00,32:44:00,17,20
658,2022,9,11/6/22,Vikings,Commanders,17,18,245,126,56,137,301,263,22,30,0,0,1,1,1,1,11,12,0,0,29:13:00,30:47:00,20,17
659,2022,9,11/6/22,Raiders,Jaguars,16,22,248,235,73,168,321,403,19,37,1,1,0,0,1,1,10,11,0,0,27:35:00,32:25:00,20,27
660,2022,9,11/6/22,Seahawks,Cardinals,27,15,263,140,158,122,421,262,34,21,0,1,1,0,1,1,12,10,0,1,34:31:00,25:29:00,31,21
661,2022,9,11/6/22,Rams,Buccaneers,9,18,138,272,68,51,206,323,24,20,0,0,0,0,0,0,14,13,0,0,28:44:00,31:16:00,13,16
662,2022,9,11/6/22,Titans,Chiefs,9,29,57,422,172,77,229,499,29,19,0,0,0,1,0,1,13,13,0,0,26:23:00,41:28:00,17,20
663,2022,9,11/7/22,Ravens,Saints,23,13,131,195,188,48,319,243,40,15,0,0,0,1,0,1,9,10,0,0,37:47:00,22:13,27,13
664,2022,10,11/10/22,Falcons,Panthers,20,18,153,101,138,232,291,333,25,47,0,0,1,0,1,0,12,11,0,0,25:48:00,34:12:00,15,25
665,2022,10,11/13/22,Seahawks,Buccaneers,19,26,244,258,39,161,283,419,14,44,1,0,0,2,1,2,9,10,0,0,23:05,36:55:00,16,21
666,2022,10,11/13/22,Vikings,Bills,24,29,334,311,147,175,481,486,25,27,0,2,2,2,2,4,13,13,1,0,35:02:00,33:46:00,33,30
667,2022,10,11/13/22,Lions,Bears,25,19,228,150,95,258,323,408,31,35,0,0,0,1,0,1,10,10,1,0,30:48:00,29:12:00,31,30
668,2022,10,11/13/22,Broncos,Titans,18,14,248,244,65,63,313,307,25,23,0,1,1,0,1,1,13,13,0,0,33:57:00,26:03:00,10,17
669,2022,10,11/13/22,Jaguars,Chiefs,17,26,240,331,75,155,315,486,16,27,0,2,0,1,0,3,11,10,0,0,31:39:00,28:21:00,17,27
670,2022,10,11/13/22,Browns,Dolphins,20,29,185,296,112,195,297,491,24,33,1,0,0,0,1,0,9,9,0,0,26:46:00,33:14:00,17,39
671,2022,10,11/13/22,Texans,Giants,22,19,286,176,101,191,387,367,19,47,1,0,1,0,2,0,11,12,0,0,26:40:00,33:20:00,16,24
672,2022,10,11/13/22,Saints,Steelers,10,28,157,162,29,217,186,379,15,43,0,0,2,0,2,0,10,11,0,0,21:04,38:56:00,10,20
673,2022,10,11/13/22,Colts,Raiders,20,18,208,232,207,77,415,309,30,24,1,0,0,0,1,0,11,10,0,0,29:01:00,30:59:00,25,20
674,2022,10,11/13/22,Cowboys,Packers,24,20,262,208,159,207,421,415,31,39,0,2,2,0,2,2,13,12,0,0,30:59:00,35:55:00,28,31
675,2022,10,11/13/22,Cardinals,Rams,18,18,220,190,78,66,298,256,26,20,0,1,0,1,0,2,11,11,0,0,32:01:00,27:59:00,27,17
676,2022,10,11/13/22,Chargers,49ers,12,22,187,230,51,157,238,387,16,41,0,1,1,0,1,1,11,11,0,0,23:01,36:59:00,16,22
677,2022,10,11/14/22,Commanders,Eagles,25,18,178,170,152,94,330,264,49,20,1,3,1,1,2,4,10,10,1,0,40:24:00,19:36,32,21
678,2022,11,11/17/22,Titans,Packers,21,15,320,215,88,56,408,271,32,19,0,0,1,0,1,0,10,10,0,0,32:28:00,27:32:00,27,17
679,2022,11,11/20/22,Bears,Falcons,20,18,128,131,160,149,288,280,41,33,0,2,1,0,1,2,10,10,0,1,35:10:00,24:50:00,24,27
680,2022,11,11/20/22,Browns,Bills,27,22,316,186,80,171,396,357,26,33,1,0,0,0,1,0,11,11,0,0,31:22:00,28:38:00,23,31
681,2022,11,11/20/22,Eagles,Colts,18,14,173,185,141,99,314,284,33,26,2,1,0,0,2,1,12,11,0,0,29:22:00,30:38:00,17,16
682,2022,11,11/20/22,Jets,Patriots,6,13,44,198,59,99,103,297,23,26,0,0,0,0,0,0,13,11,0,1,24:30:00,35:30:00,3,10
683,2022,11,11/20/22,Rams,Saints,17,19,188,235,148,88,336,323,30,24,0,0,0,0,0,0,11,12,0,0,28:53:00,31:07:00,20,27
684,2022,11,11/20/22,Lions,Giants,23,25,165,324,160,89,325,413,37,26,0,1,0,2,0,3,11,11,0,0,31:48:00,28:12:00,31,18
685,2022,11,11/20/22,Panthers,Ravens,13,19,169,193,36,115,205,308,17,30,1,0,2,1,3,1,11,12,0,0,26:46:00,33:14:00,3,13
686,2022,11,11/20/22,Commanders,Texans,20,11,191,127,153,21,344,148,40,16,0,0,0,2,0,2,10,11,1,0,34:56:00,25:04:00,23,10
687,2022,11,11/20/22,Raiders,Broncos,20,19,298,226,109,94,407,320,24,28,0,0,0,0,0,0,10,10,0,0,32:39:00,28:57:00,22,16
688,2022,11,11/20/22,Cowboys,Vikings,23,16,307,110,151,73,458,183,40,17,0,1,0,0,0,1,10,10,0,0,37:24:00,22:36,40,3
689,2022,11,11/20/22,Bengals,Steelers,22,17,346,249,62,102,408,351,24,24,0,0,2,0,2,0,13,13,0,0,31:36:00,28:24:00,37,30
690,2022,11,11/20/22,Chiefs,Chargers,23,22,322,250,163,115,485,365,27,30,1,1,0,1,1,2,11,10,0,0,27:41:00,32:19:00,30,27
691,2022,11,11/21/22,49ers,Cardinals,21,19,228,247,159,67,387,314,28,24,0,0,0,2,0,2,11,11,0,0,29:09:00,30:51:00,38,10
692,2022,12,11/24/22,Bills,Lions,28,22,237,230,164,96,401,326,29,28,0,2,1,0,1,2,10,10,0,0,31:26:00,28:34:00,28,25
693,2022,12,11/24/22,Giants,Cowboys,21,26,210,261,90,169,300,430,21,39,0,0,0,2,0,2,10,10,0,0,25:51:00,34:09:00,20,28
694,2022,12,11/24/22,Patriots,Vikings,17,23,364,301,45,57,409,358,13,27,0,0,0,1,0,1,11,11,0,1,23:43,36:17:00,26,33
695,2022,12,11/27/22,Buccaneers,Browns,16,22,229,178,96,189,325,367,20,34,0,0,0,1,0,1,13,13,0,0,30:37:00,39:04:00,17,23
696,2022,12,11/27/22,Bengals,Titans,21,15,266,281,108,63,374,344,28,21,0,0,0,0,0,0,12,10,0,0,31:46:00,28:14:00,20,16
697,2022,12,11/27/22,Texans,Dolphins,14,25,174,273,36,66,210,339,14,26,1,1,2,0,3,1,13,13,0,1,27:33:00,32:27:00,15,30
698,2022,12,11/27/22,Bears,Jets,14,22,165,308,127,158,292,466,29,32,0,0,1,0,1,0,10,10,0,0,27:55:00,32:05:00,10,31
699,2022,12,11/27/22,Falcons,Commanders,18,20,165,138,167,176,332,314,29,37,0,0,1,1,1,1,9,9,0,0,26:51:00,33:09:00,13,19
700,2022,12,11/27/22,Broncos,Panthers,14,19,125,164,121,185,246,349,19,46,2,1,0,0,2,1,13,12,0,0,22:57,37:03:00,10,23
701,2022,12,11/27/22,Ravens,Jaguars,24,18,253,294,162,38,415,332,35,20,2,1,0,0,2,1,11,10,0,0,32:39:00,27:21:00,27,28
702,2022,12,11/27/22,Chargers,Cardinals,22,20,246,185,65,181,311,366,13,34,0,1,0,1,0,2,11,11,0,0,29:25:00,30:35:00,25,24
703,2022,12,11/27/22,Raiders,Seahawks,27,22,293,307,283,65,576,372,40,23,0,1,2,1,2,2,14,13,0,0,37:35:00,28:05:00,40,34
704,2022,12,11/27/22,Rams,Chiefs,13,29,82,320,116,117,198,437,28,30,0,1,2,1,2,2,10,8,0,0,27:34:00,32:26:00,10,26
705,2022,12,11/27/22,Saints,49ers,14,21,197,221,63,96,260,317,22,29,2,0,0,0,2,0,9,9,0,0,25:10:00,34:50:00,0,13
706,2022,12,11/27/22,Packers,Eagles,19,29,236,137,106,363,342,500,21,49,0,1,2,0,2,1,11,11,0,0,24:26:00,35:34:00,33,40
707,2022,12,11/28/22,Steelers,Colts,22,19,151,180,172,110,323,290,36,25,0,1,0,1,0,2,10,10,0,0,34:22:00,25:38:00,24,17
708,2022,13,12/1/22,Bills,Patriots,22,14,223,182,132,60,355,242,37,14,1,0,0,0,1,0,10,9,0,0,38:08:00,21:52,24,10
709,2022,13,12/4/22,Steelers,Falcons,22,18,197,160,154,146,351,306,37,28,0,0,0,1,0,1,9,8,0,0,32:55:00,27:05:00,19,16
710,2022,13,12/4/22,Packers,Bears,21,15,182,254,175,155,357,409,32,25,0,1,0,2,0,3,10,10,0,0,32:28:00,27:32:00,28,19
711,2022,13,12/4/22,Jaguars,Lions,14,31,171,337,95,100,266,437,19,31,1,0,0,0,1,0,9,9,0,0,23:10,36:50:00,14,40
712,2022,13,12/4/22,Jets,Vikings,23,21,366,159,120,128,486,287,24,29,0,0,2,0,2,0,12,13,0,0,31:38:00,28:22:00,22,27
713,2022,13,12/4/22,Commanders,Giants,25,20,246,182,165,134,411,316,36,30,1,1,0,0,1,1,13,14,0,0,41:11:00,28:49:00,20,20
714,2022,13,12/4/22,Titans,Eagles,11,26,122,386,87,67,209,453,21,24,0,0,0,0,0,0,11,11,0,0,27:27:00,32:33:00,10,35
715,2022,13,12/4/22,Broncos,Ravens,12,20,184,182,88,103,272,285,28,28,0,0,0,2,0,2,11,11,0,0,27:31:00,32:29:00,9,10
716,2022,13,12/4/22,Browns,Texans,14,16,130,201,174,82,304,283,38,22,1,2,1,2,2,4,13,14,3,0,32:16:00,27:44:00,27,14
717,2022,13,12/4/22,Seahawks,Rams,25,20,348,148,90,171,438,319,22,33,1,0,1,2,2,2,11,10,0,0,30:53:00,29:07:00,27,23
718,2022,13,12/4/22,Dolphins,49ers,14,24,275,230,33,121,308,351,8,34,1,0,3,1,4,1,13,12,0,1,19:26,40:34:00,17,33
719,2022,13,12/4/22,Chiefs,Bengals,20,26,211,279,138,152,349,431,25,34,1,0,0,0,1,0,8,8,0,0,27:54:00,32:06:00,24,27
720,2022,13,12/4/22,Chargers,Raiders,22,21,314,250,72,154,386,404,22,29,1,1,0,1,1,2,12,12,1,0,30:44:00,29:16:00,20,27
721,2022,13,12/4/22,Colts,Cowboys,18,23,203,165,106,220,309,385,30,34,2,0,3,1,5,1,14,12,0,1,31:19:00,28:41:00,19,54
722,2022,13,12/5/22,Saints,Buccaneers,14,25,232,274,66,76,298,350,25,20,0,1,0,1,0,2,11,11,0,0,29:55:00,30:05:00,16,17
723,2022,14,12/8/22,Raiders,Rams,17,20,137,211,165,71,302,282,38,22,0,1,2,0,2,1,9,10,0,0,30:21:00,29:39:00,16,17
724,2022,14,12/11/22,Jets,Bills,19,14,233,130,76,102,309,232,22,24,2,0,0,0,2,0,13,13,0,0,34:25:00,25:35:00,12,20
725,2022,14,12/11/22,Browns,Bengals,18,23,273,227,71,136,344,363,25,26,0,0,1,1,1,1,11,11,0,0,31:52:00,28:08:00,10,23
726,2022,14,12/11/22,Texans,Cowboys,16,21,213,277,114,127,327,404,37,31,1,1,1,2,2,3,13,12,0,0,33:14:00,26:46:00,23,27
727,2022,14,12/11/22,Vikings,Lions,23,23,394,330,22,134,416,464,17,30,2,0,0,0,2,0,11,10,0,0,28:06:00,31:54:00,23,34
728,2022,14,12/11/22,Jaguars,Titans,22,22,368,227,60,137,428,364,25,20,0,3,0,1,0,4,12,12,0,0,32:52:00,27:08:00,36,22
729,2022,14,12/11/22,Eagles,Giants,27,18,184,181,253,123,437,304,31,24,0,1,0,0,0,1,12,11,0,0,32:30:00,27:30:00,48,22
730,2022,14,12/11/22,Ravens,Steelers,18,23,94,264,215,65,309,329,42,20,0,0,0,3,0,3,10,9,0,0,32:59:00,27:01:00,16,14
731,2022,14,12/11/22,Chiefs,Broncos,20,17,342,214,89,106,431,320,23,19,0,0,3,2,3,2,13,13,1,0,30:13:00,29:47:00,34,28
732,2022,14,12/11/22,Buccaneers,49ers,18,24,253,195,69,209,322,404,19,36,1,1,2,0,3,1,11,11,0,0,27:20:00,32:40:00,7,35
733,2022,14,12/11/22,Panthers,Seahawks,24,16,105,241,223,46,328,287,46,14,0,0,0,2,0,2,11,10,0,0,39:16:00,20:44,30,24
734,2022,14,12/11/22,Dolphins,Chargers,14,24,127,350,92,82,219,432,19,23,0,0,0,0,0,0,11,11,0,0,20:22,39:38:00,17,23
735,2022,14,12/12/22,Patriots,Cardinals,18,19,225,210,103,113,328,323,21,22,0,1,1,1,1,2,12,12,1,0,26:29:00,33:31:00,27,13
736,2022,15,12/15/22,49ers,Seahawks,15,16,211,207,170,70,381,277,34,14,0,1,0,0,0,1,12,11,0,0,33:01:00,26:59:00,21,13
737,2022,15,12/17/22,Colts,Vikings,20,32,170,426,171,92,341,518,43,24,1,1,0,2,1,3,16,19,2,0,36:37:00,33:20:00,36,39
738,2022,15,12/17/22,Ravens,Browns,17,19,126,140,198,143,324,283,28,33,1,0,1,0,2,0,9,9,0,0,26:52:00,33:08:00,3,13
739,2022,15,12/17/22,Dolphins,Bills,20,29,217,296,188,150,405,446,25,29,0,1,0,0,0,1,10,11,0,0,30:07:00,29:53:00,29,32
740,2022,15,12/18/22,Eagles,Bears,20,15,309,91,112,157,421,248,33,30,1,1,2,0,3,1,12,12,0,0,29:53:00,30:07:00,25,20
741,2022,15,12/18/22,Falcons,Saints,21,17,89,214,231,134,320,348,39,34,1,1,0,0,1,1,10,10,0,0,30:56:00,29:04:00,18,21
742,2022,15,12/18/22,Lions,Jets,17,18,252,287,107,50,359,337,28,22,0,0,0,1,0,1,9,11,1,0,32:32:00,27:28:00,20,17
743,2022,15,12/18/22,Steelers,Panthers,22,12,169,188,156,21,325,209,45,16,0,0,0,0,0,0,9,8,0,0,36:11:00,23:49,24,16
744,2022,15,12/18/22,Cowboys,Jaguars,24,26,243,311,154,192,397,503,41,27,0,2,2,1,2,3,12,13,0,1,35:26:00,27:42:00,34,40
745,2022,15,12/18/22,Chiefs,Texans,33,18,313,125,189,94,502,219,33,28,2,1,0,0,2,1,12,12,0,0,37:22:00,27:25:00,30,24
746,2022,15,12/18/22,Cardinals,Broncos,13,23,167,156,73,168,240,324,20,34,0,1,3,1,3,2,13,13,0,0,27:02:00,32:58:00,15,24
747,2022,15,12/18/22,Patriots,Raiders,19,18,112,211,206,97,318,308,32,23,1,0,0,1,1,1,12,12,1,1,26:44:00,33:16:00,24,30
748,2022,15,12/18/22,Titans,Chargers,17,23,157,291,127,74,284,365,27,24,0,0,1,2,1,2,13,12,0,0,30:12:00,29:48:00,14,17
749,2022,15,12/18/22,Bengals,Buccaneers,20,25,184,304,53,92,237,396,21,25,0,2,1,2,1,4,12,11,0,0,29:25:00,30:35:00,34,23
750,2022,15,12/18/22,Giants,Commanders,19,20,160,228,128,159,288,387,30,26,0,2,0,0,0,2,10,10,1,0,30:30:00,29:30:00,20,12
751,2022,15,12/19/22,Rams,Packers,13,27,84,207,72,138,156,345,17,35,0,1,1,1,1,2,8,9,0,0,22:41,37:19:00,12,24
752,2022,16,12/22/22,Jaguars,Jets,19,10,218,161,147,66,365,227,39,20,1,1,0,1,1,2,10,10,0,0,34:52:00,25:08:00,19,3
753,2022,16,12/24/22,Bills,Bears,20,11,172,129,254,80,426,209,31,29,1,1,2,1,3,2,12,13,0,0,28:48:00,31:12:00,35,13
754,2022,16,12/24/22,Saints,Browns,14,15,92,125,152,124,244,249,39,34,0,0,1,1,1,1,11,10,0,0,29:14:00,30:46:00,17,10
755,2022,16,12/24/22,Seahawks,Chiefs,19,14,200,220,133,77,333,297,31,22,0,0,1,0,1,0,12,11,0,0,35:02:00,24:58:00,10,24
756,2022,16,12/24/22,Giants,Vikings,23,23,319,270,126,83,445,353,21,19,1,0,1,0,2,0,11,12,0,0,29:13:00,30:47:00,24,27
757,2022,16,12/24/22,Bengals,Patriots,28,15,369,224,73,61,442,285,24,16,1,1,2,0,3,1,12,11,0,1,36:48:00,23:12,22,18
758,2022,16,12/24/22,Lions,Panthers,22,30,336,250,45,320,381,570,17,43,1,0,0,0,1,0,10,11,0,0,24:47:00,35:13:00,23,37
759,2022,16,12/24/22,Falcons,Ravens,17,15,212,115,115,184,327,299,33,34,1,0,0,0,1,0,9,9,0,0,32:44:00,27:16:00,9,17
760,2022,16,12/24/22,Texans,Titans,15,16,215,88,70,184,285,272,30,31,0,1,1,2,1,3,12,12,0,0,33:03:00,26:57:00,19,14
761,2022,16,12/24/22,Commanders,49ers,21,14,270,218,79,153,349,371,33,26,1,0,1,1,2,1,12,12,0,0,33:35:00,26:25:00,20,37
762,2022,16,12/24/22,Eagles,Cowboys,25,25,355,304,87,115,442,419,29,31,2,0,2,1,4,1,10,12,1,0,27:42:00,32:18:00,34,40
763,2022,16,12/24/22,Raiders,Steelers,13,19,143,244,58,106,201,350,19,27,0,0,3,1,3,1,10,11,0,0,27:21:00,32:39:00,10,13
764,2022,16,12/25/22,Packers,Dolphins,17,15,222,294,79,82,301,376,25,18,0,1,1,3,1,4,11,11,0,0,32:00:00,28:00:00,26,20
765,2022,16,12/25/22,Broncos,Rams,18,26,219,230,104,158,323,388,20,36,0,0,4,0,4,0,10,9,0,1,23:25,36:35:00,14,51
766,2022,16,12/25/22,Buccaneers,Cardinals,21,16,281,204,115,121,396,325,30,27,0,2,2,1,2,3,14,14,0,0,36:57:00,29:22:00,19,16
767,2022,16,12/26/22,Chargers,Colts,17,10,213,104,101,69,314,173,32,14,1,0,1,3,2,3,11,10,0,0,33:54:00,26:06:00,20,3
768,2022,17,12/29/22,Cowboys,Titans,26,17,274,220,87,97,361,317,32,24,1,1,2,1,3,2,11,12,0,0,33:26:00,26:34:00,27,13
